id;name;animation_time_0;animation_time_1;animation_time_2;animation_time_3;animation_time_4;animation_time_5;animation_time_6;animation_time_7;animation_time_8;height;model_height;km_buddy_distance;weight;model_scale;max_cp;cylinder_ground;cylinder_radius;disk_radius;jhi_key;cinematic_moves_id;base_attack;base_defense;base_stamina
1;Bulbasaur;1.6667;0.6667;1.6667;1.8333;0;2.1667;1.4;1.466667;0.7;0.7;3;6.9;1.09;1115;0.5;;;;BULBASAUR;;118;111;128
2;Ivysaur;2.6667;0.6667;1.6667;2.1667;0;2;1.6667;1.733333;1;1.25;3;13;0.85;1699;0.51;;;;IVYSAUR;;151;143;155
3;Venusaur;2.4667;0.6667;1.6667;1.8333;0;2.1333;2;2.066667;2;1.9;3;100;0.69;2720;1.25;;;;VENUSAUR;;198;189;190
4;Charmander;2.1333;0.6667;1.6667;1.8333;0;2.1333;1.1667;1.333333;0.6;0.6;3;8.5;1.25;980;0.3125;;;;CHARMANDER;;116;93;118
5;Charmeleon;1.8667;0.6667;1.8333;1.5;6.666667;2.3333;2;2.533334;1.1;1.03;3;19;1.03;1653;0.4635;;;;CHARMELEON;;158;126;151
6;Charizard;2.2;0.6667;1.6667;0.8667;6.666667;2;1.6;2;1.7;1.91;3;90.5;0.81;2889;1.25;;;;CHARIZARD;;223;173;186
7;Squirtle;1.7333;0.6667;1.6667;1.5;0;2.1667;1;1.333333;0.5;0.43;3;9;1.53;946;0.3;;;;SQUIRTLE;;94;121;127
8;Wartortle;2;0.6667;1.6667;1.8333;0;1.8;1.0667;1.133333;1;1;3;22.5;1;1488;0.5;;;;WARTORTLE;;126;155;153
9;Blastoise;2.1333;0.6667;1.6667;1.8333;0;2;2.6667;1.333333;1.6;1.39;3;85.5;0.94;2466;0.8;;;;BLASTOISE;;171;207;188
10;Caterpie;0;0.6667;1.6667;1.6667;0;1.8333;1.6667;0;0.3;0.19;1;2.9;2.04;437;0.1;;;;CATERPIE;;55;55;128
11;Metapod;1.3333;0.6667;1.8333;1.6667;0;1.5667;2;0;0.7;0.7;1;9.9;1.17;450;0.351;;;;METAPOD;;45;80;137
12;Butterfree;2;0.6667;1.7333;0.6667;0;2.4667;2.1333;0;1.1;0.95;1;32;1.11;1827;0.666;;;;BUTTERFREE;;167;137;155
13;Weedle;0;0.6667;1.6667;1.8333;0;1.6667;2;0;0.3;0.18;1;3.2;2.09;456;0.1;;;;WEEDLE;;63;50;120
14;Kakuna;0;0.6667;0;1.6667;0;2;2.5;0;0.6;0.6;1;10;1.25;432;0.25;;;;KAKUNA;;46;75;128
15;Beedrill;1.6667;0.6667;1.6667;0.6667;0.2;1.8;1.3333;0;1;1.28;1;29.5;0.77;1846;0.6;;;;BEEDRILL;;169;130;163
16;Pidgey;1.6667;0.6667;1.6667;1.8333;0;1.8333;0.8;1.333333;0.3;0.3;1;1.8;1.68;680;0.252;;;;PIDGEY;;85;73;120
17;Pidgeotto;2.6667;0.6667;2;0.8;0;2;0.6667;0;1.1;1.74;1;30;0.79;1194;1;;;;PIDGEOTTO;;117;105;160
18;Pidgeot;2.0667;0.6667;1.6667;0.6667;0;2;1.8;0;1.5;2.18;1;39.5;0.72;2129;1.2;;;;PIDGEOT;;166;154;195
19;Rattata;1.9;0.6667;1.8;1.7667;0;2.4;0.8667;0;0.3;0.42;1;3.5;1.26;734;0.252;;;;RATTATA;;103;70;102
20;Rattata Alola;1.9;0.6667;1.8;1.7667;0;2.4;0.8667;0;0.3;0.42;1;3.8;1.26;734;0.252;;;;RATTATA_ALOLA;;103;70;102
21;Raticate;1.6667;0.6667;1.7333;1.6667;0;2;2.0667;0;0.7;0.7;1;18.5;1.17;1730;0.5265;;;;RATICATE;;161;139;146
22;Raticate Alola;1.6667;0.6667;1.7333;1.6667;0;2;2.0667;0;0.7;0.7;1;25.5;1.17;1705;0.5265;;;;RATICATE_ALOLA;;135;154;181
23;Spearow;1.5333;0.6667;1.6667;1.8333;0;2.3333;0.8;0;0.3;0.4;1;2;1.48;798;0.296;;;;SPEAROW;;112;60;120
24;Fearow;2.6667;0.6667;1.6667;0.8333;0;2.3333;1.6667;0;1.2;1.5;1;38;0.84;1997;1;;;;FEAROW;;182;133;163
25;Ekans;1.7333;0.6667;1.6667;1.8333;0;2.2;1.6;0;2;0.28;3;6.9;1.73;927;0.3;;;;EKANS;;110;97;111
26;Arbok;2.6667;0.6667;1.6667;1.5;0;2.6667;2.6667;0;3.5;1.6;3;65;0.82;1921;0.615;;;;ARBOK;;167;153;155
27;Pikachu;1.8333;0.6667;1.6;1.5667;0;1.8;1.1333;1.066667;0.4;0.4;1;6;1.48;938;0.37;;;;PIKACHU;;112;96;111
28;Raichu;2.2333;0.6667;2;2;0;2.6667;1;1.133333;0.8;0.83;1;30;1.08;2182;0.486;;;;RAICHU;;193;151;155
29;Raichu Alola;2.2333;0.6667;2;2;0;2.6667;1;1.133333;0.7;0.83;1;21;1.08;2286;0.486;;;;RAICHU_ALOLA;;201;154;155
30;Sandshrew;1.8;0.6667;1.4667;1.6667;0;2.6667;1;0;0.6;0.55;3;12;1.29;1261;0.4;;;;SANDSHREW;;126;120;137
31;Sandshrew Alola;1.8;0.6667;1.4667;1.6667;0;2.6667;1;0;0.7;0.55;3;40;1.29;1293;0.4;;;;SANDSHREW_ALOLA;;125;129;137
32;Sandslash;1.7333;0.6667;1.6667;1.6667;0;2;1.6;0;1;1;3;29.5;1;2374;0.4;;;;SANDSLASH;;182;175;181
33;Sandslash Alola;1.7333;0.6667;1.6667;1.6667;0;2;1.6;0;1.2;1;3;55;1;2432;0.4;;;;SANDSLASH_ALOLA;;177;195;181
34;Nidoran;1.3333;0.6667;1.6667;1.8333;0;1.6667;2.1333;0;0.4;0.4;3;7;1.48;816;0.3;;;;NIDORAN_FEMALE;;86;89;146
35;Nidorina;1.6667;0.6667;1.7667;1.4667;0;2;1.3333;0;0.8;0.7;3;20;1.17;1309;0.4388;;;;NIDORINA;;117;120;172
36;Nidoqueen;1.8333;0.6667;1.6667;1.6667;0;2;1.6667;0;1.3;1.25;3;60;0.91;2488;0.8;;;;NIDOQUEEN;;180;173;207
37;Nidorino;1.8333;0.6667;1.6667;1.6667;0;2;1.6667;0;0.5;0.5;3;9;1.26;860;0.4725;;;;NIDORAN_MALE;;105;76;130
38;Nidoking;1.8;0.6667;1.6667;1.7333;0;1.6667;1.6667;0;0.9;0.9;3;19.5;0.99;1393;0.495;;;;NIDORINO;;137;111;156
39;Clefairy;2;0.6667;2;1.5;0;2.1667;1.4;0;1.4;1.4;3;62;0.87;2567;1;;;;NIDOKING;;204;156;191
40;Clefable;2;0.6667;1.6667;1.8333;0;2;1.3333;1.666667;0.6;0.6;1;7.5;1.25;1155;0.45;;;;CLEFAIRY;;107;108;172
41;Vulpix;2.3333;0.6667;1.6667;1.8333;0;2.6667;1.3333;0;1.3;1.3;1;40;0.89;2437;0.712;;;;CLEFABLE;;178;162;216
42;Vulpix Alola;1.6667;0.6667;1.6667;1.6;0;2;1.3333;2.2;0.6;0.58;3;9.9;1.26;883;0.4;;;;VULPIX;;96;109;116
43;Ninetales;1.6667;0.6667;1.6667;1.6;0;2;1.3333;2.2;0.6;0.58;3;9.9;1.26;883;0.4;;;;VULPIX_ALOLA;;96;109;116
44;Ninetales Alola;2.6667;0.6667;2;2;0;2.1667;2;2;1.1;1.11;3;19.9;0.96;2279;0.65;;;;NINETALES;;169;190;177
45;Jigglypuff;2.6667;0.6667;2;2;0;2.1667;2;2;1.1;1.11;3;19.9;0.96;2309;0.65;;;;NINETALES_ALOLA;;170;193;177
46;Wigglytuff;2.6667;0.6667;1.6667;3.6667;0;2.6667;1.6667;2;0.5;0.56;1;5.5;1.28;724;0.4;;;;JIGGLYPUFF;;80;41;251
47;Zubat;1.6667;0.6667;1.6333;1.8333;0;1.8333;2;0;1;1.3;1;12;0.89;1926;0.5;;;;WIGGLYTUFF;;156;90;295
48;Golbat;1.3333;0.6667;1.3333;0.6667;0;1.5;1.3333;0;0.8;0.85;1;7.5;1.07;667;0.642;;;;ZUBAT;;83;73;120
49;Oddish;1.5;0.6667;1.3333;0.6667;0;2;2;0;1.6;1.95;1;55;0.71;1976;1.25;;;;GOLBAT;;161;150;181
50;Gloom;1.4667;0.6667;1.6667;1.6667;0;2.5;1.6667;0;0.5;0.5;3;5.4;1.35;1228;0.405;;;;ODDISH;;131;112;128
51;Vileplume;1.8333;0.6667;1.6667;1.6667;0;1.6667;1.2667;0;0.8;0.8;3;8.6;1.1;1681;0.495;;;;GLOOM;;153;136;155
52;Paras;2.1667;0.6667;1.6667;1.5;0;2.1667;0.9667;0;1.2;1.2;3;18.6;0.92;2559;0.828;;;;VILEPLUME;;202;167;181
53;Parasect;1.6667;0.6667;1.7667;1.6333;0;2.3333;1.3333;1.533333;0.3;0.43;3;5.4;1.28;1018;0.384;;;;PARAS;;121;99;111
54;Venonat;1.6667;0.6667;1.6667;1.8333;0;1.6667;2;0;1;0.97;3;29.5;1.01;1859;0.6313;;;;PARASECT;;165;146;155
55;Venomoth;2;0.6667;1.6667;2;0;2;2;0;1;1.42;3;30;0.71;1004;0.5325;;;;VENONAT;;100;100;155
56;Diglett;0;0.6;1.6667;0.6;0;2.1333;1.6;0;1.5;1.6;3;12.5;0.72;2082;1;;;;VENOMOTH;;179;143;172
57;Diglett Alola;1.4333;0.6667;2;0.8667;0;2.1667;1.3333;1.333333;0.2;0.2;3;0.8;2;676;0.15;;;;DIGLETT;;109;78;67
58;Dugtrio;1.4333;0.6667;2;0.8667;0;2.1667;1.3333;1.333333;0.2;0.2;3;1;2;690;0.15;;;;DIGLETT_ALOLA;;109;82;67
59;Dugtrio Alola;1.7333;0.6667;1.6667;0.9;0;2.1333;2;0;0.7;0.77;3;33.3;1.12;1557;0.672;;;;DUGTRIO;;167;134;111
60;Meowth;1.7333;0.6667;1.6667;0.9;0;2.1333;2;0;0.7;0.77;3;66.6;1.12;1915;0.672;;;;DUGTRIO_ALOLA;;201;145;111
61;Meowth Alola;2;0.6667;1.7333;1.5;0;2;1.4;2;0.4;0.4;3;4.2;1.6;748;0.2;;;;MEOWTH;;92;78;120
62;Persian;2;0.6667;1.7333;1.5;0;2;1.4;2;0.4;0.4;3;4.2;1.6;797;0.2;;;;MEOWTH_ALOLA;;99;78;120
63;Persian Alola;2;0.6667;1.6667;1.8333;0;1.6667;1.6667;0;1;1.38;3;32;0.82;1689;0.8;;;;PERSIAN;;150;136;163
64;Psyduck;2;0.6667;1.6667;1.8333;0;1.6667;1.6667;0;1.1;1.38;3;33;0.82;1771;0.8;;;;PERSIAN_ALOLA;;158;136;163
65;Golduck;1.8333;0.6667;1.6667;1.5;0;2.6;1.6667;0;0.8;0.9;3;19.6;0.97;1106;0.5;;;;PSYDUCK;;122;95;137
66;Mankey;1.6667;0.6667;1.6667;1.6667;0;2;1.6667;0;1.7;1.4;3;76.6;0.93;2450;0.465;;;;GOLDUCK;;191;162;190
67;Primeape;1.5;0.6;1.3333;1.6333;0;1.9667;0.9333;0;0.5;0.55;3;28;1.29;1164;0.4838;;;;MANKEY;;148;82;120
68;Growlithe;1.3333;0.6667;1.5;1.3333;0;1.6667;1.3333;0;1;1.2;3;32;0.92;2288;0.7;;;;PRIMEAPE;;207;138;163
69;Arcanine;2.0333;0.6667;1.8;1.5;0;2.2667;0.8;1.8;0.7;0.7;3;19;1.17;1243;0.55;;;;GROWLITHE;;136;93;146
70;Poliwag;2.1333;0.6667;1.7333;1.8333;0;1.8667;1.7333;2;1.9;2;3;155;0.74;3029;1.25;;;;ARCANINE;;227;166;207
71;Poliwhirl;1.6667;0.6667;2;1.5;0;1.6667;1.5;0;0.6;0.6;3;12.4;1.25;829;0.5;;;;POLIWAG;;101;82;120
72;Poliwrath;1.3333;0.6667;2.1667;1.5;0;2;1.3333;0;1;1.05;3;20;0.98;1419;0.735;;;;POLIWHIRL;;130;123;163
73;Abra;2;0.6667;1.6667;1.6667;0;2;1.2333;0;1.3;1.42;3;54;0.86;2586;0.817;;;;POLIWRATH;;182;184;207
74;Kadabra;0;0.6667;1.6667;0.6667;0;2.1667;2.6667;0;0.9;0.77;3;19.5;1.12;1342;0.448;;;;ABRA;;195;82;93
75;Alakazam;1.7333;0.6667;1.6667;1.8667;0;2.1;1.7333;0;1.3;1.3;3;56.5;0.89;2059;0.6675;;;;KADABRA;;232;117;120
76;Machop;2;0.6667;1.6667;1.5;0;2.3333;2.5;2;1.5;1.45;3;48;0.85;3057;0.51;;;;ALAKAZAM;;271;167;146
77;Machoke;2.2667;0.6667;2;1.7333;0;2.1667;1;0;0.8;0.8;3;19.5;1.1;1278;0.4125;;;;MACHOP;;137;82;172
78;Machamp;1.5;0.6667;1.6667;1.6667;0;2.1667;1.0667;0;1.5;1.4;3;70.5;0.91;2031;0.546;;;;MACHOKE;;177;125;190
79;Bellsprout;1.6667;0.6667;1.6667;1.6667;0;1.6667;1.3333;1.333333;1.6;1.5;3;130;0.89;3056;0.75;;;;MACHAMP;;234;159;207
80;Weepinbell;1.7;0.6667;2.5;1.8333;0;2;2;0;0.7;0.55;3;4;1.29;1033;0.3;;;;BELLSPROUT;;139;61;137
81;Victreebel;1.8;0.6667;1.5333;0.6667;0;2.2667;2;0;1;1;3;6.4;1;1611;0.65;;;;WEEPINBELL;;172;92;163
82;Tentacool;2;0.6667;1.6667;0.6667;0;2.1667;2;0;1.7;1.48;3;15.5;0.84;2431;1.25;;;;VICTREEBEL;;207;135;190
83;Tentacruel;2.6667;0.6667;1.6667;0.6667;0;2.3;2;0;0.9;0.9;3;45.5;1.05;1040;0.315;;;;TENTACOOL;;97;149;120
84;Geodude;2.1667;0.6667;1.3333;0.6667;0;2;2.6667;2;1.6;1.6;3;55;0.82;2422;0.7;;;;TENTACRUEL;;166;209;190
85;Geodude Alola;2.3333;0.6667;1.6667;0.6667;0;2;1.6667;0;0.4;1.38;1;20;0.87;1293;0.7;;;;GEODUDE;;132;132;120
86;Graveler;2.3333;0.6667;1.6667;0.6667;0;2;1.6667;0;0.4;1.38;1;20.3;0.87;1293;0.7;;;;GEODUDE_ALOLA;;132;132;120
87;Graveler Alola;2.3333;0.6667;1.8667;1.8333;0;2;1.6667;0;1;1.6;1;105;0.82;1897;0.8;;;;GRAVELER;;164;164;146
88;Golem;2.3333;0.6667;1.8667;1.8333;0;2;1.6667;0;1;1.6;1;110;0.82;1897;0.8;;;;GRAVELER_ALOLA;;164;164;146
89;Golem Alola;2.6667;0.6667;2;2;0;2.1667;2;0;1.4;1.5;1;300;0.84;2949;0.8;;;;GOLEM;;211;198;190
90;Ponyta;2.6667;0.6667;2;2;0;2.1667;2;0;1.7;1.5;1;316;0.84;2949;0.8;;;;GOLEM_ALOLA;;211;198;190
91;Rapidash;2.3333;0.6667;1.6667;1.5;5.333333;2.3333;1.6667;0;1;0.97;3;30;1.01;1697;0.5;;;;PONYTA;;170;127;137
92;Slowpoke;2.0667;0.8333;2.3333;1.8667;0;2.1667;2.6667;0;1.7;1.65;3;95;0.81;2461;1;;;;RAPIDASH;;207;162;163
93;Slowbro;3;0.6667;2;1.6667;0;2;1.6667;0;1.2;1.52;3;36;0.79;1226;0.75;;;;SLOWPOKE;;109;98;207
94;Magnemite;2.3333;0.6667;1.6667;2.1;0;1.8333;2;3;1.6;1.46;3;78.5;0.85;2545;1;;;;SLOWBRO;;177;180;216
95;Magneton;1.3333;0.6667;1.2333;0.6667;0;2;1.1667;1.166667;0.3;0.38;3;6;1.52;1362;0.3;;;;MAGNEMITE;;165;121;93
96;Farfetch'd;1.5;0.6667;1.3333;0.6667;0;1.8333;2;0;1;0.8;3;60;1.1;2485;0.6;;;;MAGNETON;;223;169;137
97;Doduo;1.6667;0.6667;1.6667;1.8333;0;1.8333;1.6;0;0.8;0.75;3;15;1.13;1236;0.452;;;;FARFETCHD;;124;115;141
98;Dodrio;2;0.6667;1.6667;1.5;0;2;1.5333;0;1.4;1.35;3;39.2;0.88;1200;0.55;;;;DODUO;;158;83;111
99;Seel;1.3333;0.6667;1.6667;2;0;2;2;0;1.8;1.8;3;85.2;0.78;2362;0.8;;;;DODRIO;;218;140;155
100;Dewgong;2.6667;0.6667;1.8333;1.6667;0;2;2;0;1.1;0.8;3;90;1.1;971;0.5;;;;SEEL;;85;121;163
101;Grimer;2.0667;0.8333;1.6667;0.6667;0;2.3333;2;0;1.7;0.89;3;120;1.05;1985;0.525;;;;DEWGONG;;139;177;207
102;Grimer Alola;1.6667;0.6667;1.6667;1.6667;10;1.6667;2.6667;0;0.9;1.05;3;30;0.98;1374;0.75;;;;GRIMER;;135;90;190
103;Muk;1.6667;0.6667;1.6667;1.6667;10;1.6667;2.6667;0;0.7;1.05;3;42;0.98;1374;0.75;;;;GRIMER_ALOLA;;135;90;190
104;Muk Alola;2;1;1.6667;2.1667;10;2;2.6667;0;1.2;1.88;3;30;0.76;2757;1.5;;;;MUK;;190;172;233
105;Shellder;2;1;1.6667;2.1667;10;2;2.6667;0;1;1.88;3;52;0.76;2757;1.5;;;;MUK_ALOLA;;190;172;233
106;Cloyster;2;0.6667;1.6667;1.6667;0;1.6667;2.6667;0;0.3;0.3;3;4;1.68;1080;0.3864;;;;SHELLDER;;116;134;102
107;Gastly;2.4333;0.6667;1.7333;0.6667;0;2.3333;1.9667;3.8;1.5;1.5;3;132.5;0.84;2547;0.85;;;;CLOYSTER;;186;256;137
108;Haunter;0;0.6667;1.6667;1;0;2.1333;2.1333;0;1.3;1;3;0.1;1;1229;0.6;;;;GASTLY;;186;67;102
109;Gengar;2.1667;0.6667;1.6667;0.6667;0;2.3333;2;0;1.6;1.87;3;0.1;0.68;1963;1.5;;;;HAUNTER;;223;107;128
110;Onix;1.6667;0.6667;1.6667;1.8333;0;1.6667;1.3333;1.666667;1.5;1.5;3;40.5;0.84;2878;1;;;;GENGAR;;261;149;155
111;Drowzee;2.3333;0.6667;1.7333;1.7333;0;2.3333;2.0333;0;8.8;5.75;5;210;0.47;1101;2.5;;;;ONIX;;85;232;111
112;Hypno;1.8333;0.6667;1.6667;1.7667;0;2;2.3333;0;1;0.9;3;32.4;1.05;1040;0.5;;;;DROWZEE;;89;136;155
113;Krabby;1.8667;0.6667;2;1.4333;0;2.6667;1.6;0;1.6;1.55;3;75.6;0.83;2090;1;;;;HYPNO;;144;193;198
114;Kingler;1.4333;0.6667;1.6667;1.5;0;2.3333;1.3333;0;0.4;0.71;3;6.5;1.16;1561;0.6;;;;KRABBY;;181;124;102
115;Voltorb;2.2667;0.6667;1.8;1.5667;0;2;1.5333;0;1.3;1.37;3;60;0.87;2829;1.25;;;;KINGLER;;240;181;146
116;Electrode;2.6667;0.6667;1.6667;1.8333;0;2.3333;2;2;0.5;0.5;3;10.4;1.35;1010;0.3;;;;VOLTORB;;109;111;120
117;Exeggcute;2.3333;0.6667;1.6667;1.8333;0;2.3333;3;0;1.2;1.2;3;66.6;0.92;2099;0.75;;;;ELECTRODE;;173;173;155
118;Exeggutor;2.5;0.6667;1.6667;1.6667;0;2;2;0;0.4;0.93;3;2.5;1.03;1175;0.515;;;;EXEGGCUTE;;107;125;155
119;Exeggutor Alola;2.4667;0.6667;1.6667;2;0;2.2;1.6;0;2;1.8;3;120;0.78;3014;1.25;;;;EXEGGUTOR;;233;149;216
120;Cubone;2.4667;0.6667;1.6667;2;0;2.2;1.6;0;10.9;6;3;415.6;0.78;3014;1.25;;;;EXEGGUTOR_ALOLA;;230;153;216
121;Marowak;1.7333;0.6667;1.6;1.6;0;1.8333;1.6;0;0.4;0.4;3;6.5;1.48;1019;0.25;;;;CUBONE;;90;144;137
122;Marowak Alola;2;0.6667;1.6667;1.5;0;2;1.4;0;1;1;3;45;1;1835;0.4;;;;MAROWAK;;144;186;155
123;Hitmonlee;2;0.6667;1.6667;1.5;0;2;1.4;0;1;1;3;34;1;1835;0.4;;;;MAROWAK_ALOLA;;144;186;155
124;Hitmonchan;1.6667;0.6667;1.6667;1.5;0;2;0.9333;0;1.5;1.44;5;49.8;0.83;2576;0.75;;;;HITMONLEE;;224;181;137
125;Lickitung;1.5;0.6667;1.6667;1.6667;0;1.7333;0.6667;0;1.4;1.14;5;50.2;1.02;2332;0.459;;;;HITMONCHAN;;193;197;137
126;Koffing;1.6667;0.6667;1.6667;1.7333;0;2;0.8;0;1.2;1.2;3;65.5;0.92;1411;0.75;;;;LICKITUNG;;108;137;207
127;Weezing;1.3333;0.6667;1.5;0.6667;6.666667;2;2;0;0.6;0.65;3;1;1.2;1214;0.48;;;;KOFFING;;119;141;120
128;Rhyhorn;2;0.6667;1.6667;0.6667;3.333333;2.4667;2.6667;0;1.2;0.76;3;9.5;1.24;2293;0.62;;;;WEEZING;;174;197;163
129;Rhydon;1.7667;1;1.5;1.8333;0;2.6667;2.4;0;1;1;3;115;1;1651;0.7;;;;RHYHORN;;140;127;190
130;Chansey;1.7;0.6667;2.1;1.7;0;2;1.6;0;1.9;1.85;3;120;0.79;3179;1;;;;RHYDON;;222;171;233
131;Tangela;2.1667;0.6667;2;1.5667;0;2.1667;1.7333;1.666667;1.1;1.1;5;34.6;0.96;1255;0.7;;;;CHANSEY;;60;128;487
132;Kangaskhan;2;0.6667;1.8333;1.8333;0;2.5;1.8667;0;1;1;3;35;1;2238;0.65;;;;TANGELA;;183;169;163
133;Horsea;2.1333;0.6667;1.6667;1.5;0;2.3333;2.3333;2.333333;2.2;2.18;3;80;0.72;2586;1.25;;;;KANGASKHAN;;181;165;233
134;Seadra;0;0.6667;1.7333;0.8333;0.333333;1.6667;2;0;0.4;0.4;3;8;1.48;1056;0.25;;;;HORSEA;;129;103;102
135;Goldeen;0;0.6667;1.6667;0.6667;0;1.8333;2;0;1.2;1.2;3;25;0.92;2093;0.75;;;;SEADRA;;187;156;146
136;Seaking;3;1;1.6667;0.6667;0;2.1667;2.3;0;0.6;0.5;3;15;1.35;1152;0.27;;;;GOLDEEN;;123;110;128
137;Staryu;3.5;0.6667;1.6667;0.8333;0;1.6667;2;0;1.3;1.36;3;39;0.88;2162;0.6;;;;SEAKING;;175;147;190
138;Starmie;1.3333;0.6667;1.6667;1.8333;0;1.6667;2;2;0.8;0.8;3;34.5;1.1;1157;0.4125;;;;STARYU;;137;112;102
139;Mr. Mime;1.7333;0.6667;1.8667;2.1;0;2.6667;1.9;2.1;1.1;1.08;3;80;0.97;2584;0.6;;;;STARMIE;;210;184;155
140;Scyther;2.6667;0.8333;1.8333;2;0;2;2.5333;0;1.3;1.3;5;54.5;0.89;2228;0.8;;;;MR_MIME;;192;205;120
141;Jynx;1.7333;0.6667;1.6667;0.6667;0;2;2;0;1.5;1.5;5;56;0.8;2706;1;;;;SCYTHER;;218;170;172
142;Electabuzz;2.2667;0.6667;1.6667;1.7667;0;1.8667;2;0;1.4;1.4;5;40.6;0.87;2555;0.75;;;;JYNX;;223;151;163
143;Magmar;1.5;0.6667;1.5;1.5;0;1.6667;1.3333;0;1.1;1.2;5;30;0.98;2334;0.7;;;;ELECTABUZZ;;198;158;163
144;Pinsir;1.6667;0.6667;1.6667;1.8333;8;2;2;0;1.3;1.35;5;44.5;0.88;2394;0.75;;;;MAGMAR;;206;154;163
145;Tauros;2;0.6667;1.6667;1.8333;0;2;1.3333;0;1.5;1.4;5;55;0.87;2959;0.85;;;;PINSIR;;238;182;163
146;Magikarp;2.3333;0.6667;1.6667;2;0;1.6667;1.6;0;1.4;1.4;3;88.4;0.87;2620;1;;;;TAUROS;;198;183;181
147;Gyarados;1.3333;0.6667;0;1.5;0;0;1;0;0.9;0.85;1;10;1.07;274;0.6;;;;MAGIKARP;;29;85;85
148;Lapras;2;0.6667;1.5;0.6667;0;2.3333;2;2;6.5;5.56;1;235;0.48;3391;2;;;;GYARADOS;;237;186;216
149;Ditto;2.6667;0.6667;1.6667;1.9;0;2.4;3;2.666667;2.5;2.57;5;220;0.7;2641;1.5;;;;LAPRAS;;165;174;277
150;Eevee;0;0.6667;1.6667;1.6667;0;2;2;0;0.3;0.33;3;4;1.61;832;0.3;;;;DITTO;;91;91;134
151;Vaporeon;2.4667;0.6667;2.0667;1.8333;0;2.3333;0.8667;1.233333;0.3;0.3;5;6.5;1.68;1071;0.25;;;;EEVEE;;104;114;146
152;Jolteon;1.8667;0.6667;1.9;1.7;0;2;2.1333;2.133333;1;0.89;5;29;1.05;3114;0.45;;;;VAPOREON;;205;161;277
153;Flareon;2.6333;0.6667;1.9333;2.3333;0;2.6667;1.3333;1.866667;0.8;0.8;5;24.5;1.1;2888;0.33;;;;JOLTEON;;232;182;163
154;Porygon;2.5;0.6667;1.6667;2.0667;0;2.3333;1;2.666667;0.9;1.27;5;25;0.87;3029;0.5;;;;FLAREON;;246;179;163
155;Omanyte;1.8333;0.6667;0;0.6667;0;2.6667;1.6;0;0.8;0.8;3;36.5;1.1;1720;0.55;;;;PORYGON;;153;136;163
156;Omastar;2;0.6667;1.6667;1.8333;0;2.3333;2.6667;0;0.4;0.4;5;7.5;1.48;1544;0.3;;;;OMANYTE;;155;153;111
157;Kabuto;2;0.6667;1.6667;1.8333;0;2;2.6667;0;1;1;5;35;1;2786;0.5;;;;OMASTAR;;207;201;172
158;Kabutops;0;0.6667;0;1.5;0;2;2;0;0.5;0.5;5;11.5;1.35;1370;0.3375;;;;KABUTO;;148;140;102
159;Aerodactyl;2.1667;0.6667;1.6667;1.6;0;2.2;1.2;0;1.3;1.25;5;40.5;0.91;2713;0.7;;;;KABUTOPS;;220;186;155
160;Snorlax;2.1667;0.9;1.5;0.7333;0;2;1.3333;1.666667;1.8;3.7;5;59;0.57;2783;1.5;;;;AERODACTYL;;221;159;190
161;Articuno;2.4;0.6667;1.8333;1.6667;0;2.5;2.5;2.333333;2.1;2;5;460;0.74;3225;1.15;;;;SNORLAX;;190;169;330
162;Zapdos;2.0667;1;1.6667;0.6667;0;2.4;1.3333;1.333333;1.7;2.6;20;55.4;0.66;3051;1.25;;;;ARTICUNO;;192;236;207
163;Moltres;1.6;0.8333;1.5;0.8333;0;2;1;1.666667;1.6;2.36;20;52.6;0.69;3527;1.25;;;;ZAPDOS;;253;185;207
164;Dratini;2.7333;1.3333;2;1.1667;0;2.5;1.8;1.8;2;3;20;60;0.62;3465;1.25;;;;MOLTRES;;251;181;207
165;Dragonair;1.6667;0.6667;1.8333;1.4333;0;2;1.6;0;1.8;0.78;5;3.3;1.11;1004;0.4;;;;DRATINI;;119;91;121
166;Dragonite;1.6;0.6667;1.6667;2;0;2.5;2;2;4;1.95;5;16.5;0.75;1780;0.75;;;;DRAGONAIR;;163;135;156
167;Mewtwo;2.6667;0.6667;1.6667;0.8333;0;2.6667;1.5;1.5;2.2;2.28;5;210;0.7;3792;1;;;;DRAGONITE;;263;198;209
168;Mew;1.3333;0.6667;1.6667;2;0;2;3;3;2;2;20;122;0.74;4178;0.6;;;;MEWTWO;;300;182;214
169;Chikorita;2.6667;0.6667;1.6667;0.6667;0;2.6667;1.6667;2;0.4;0.45;20;4;1.41;3265;0.3;;;;MEW;;210;210;225
170;Bayleef;1.3333;0.6667;1.6667;2;0;2;3;3;0.89;0.55;3;6.4;1.29;935;0.3;;;;CHIKORITA;;92;122;128
171;Meganium;1.3333;0.6667;1.6667;2;0;2;3;3;1.19;1.3;3;15.8;0.89;1454;0.65;;;;BAYLEEF;;122;155;155
172;Cyndaquil;1.3333;0.6667;1.6667;2;0;2;3;3;1.8;1.75;3;100.5;0.79;2410;0.85;;;;MEGANIUM;;168;202;190
173;Quilava;1.3333;0.6667;1.6667;2;0;2;3;3;0.51;0.46;3;7.9;1.4;980;0.35;;;;CYNDAQUIL;;116;93;118
174;Typhlosion;1.3333;0.6667;1.6667;2;0;2;3;3;0.89;1.06;3;19;0.98;1653;0.5;;;;QUILAVA;;158;126;151
175;Totodile;1.3333;0.6667;1.6667;2;0;2;3;3;1.7;1.69;3;79.5;0.8;2889;0.7;;;;TYPHLOSION;;223;173;186
176;Croconaw;1.3333;0.6667;1.6667;2;0;2;3;3;0.61;0.57;3;9.5;1.27;1131;0.37;;;;TOTODILE;;117;109;137
177;Feraligatr;1.3333;0.6667;1.6667;2;0;2;3;3;1.09;1.05;3;25;0.98;1722;0.45;;;;CROCONAW;;150;142;163
178;Sentret;1.3333;0.6667;1.6667;2;0;2;3;3;2.31;2.05;3;88.8;0.73;2857;1.25;;;;FERALIGATR;;205;188;198
179;Furret;1.3333;0.6667;1.6667;2;0;2;3;3;0.79;0.72;1;6;1.15;618;0.37;;;;SENTRET;;79;73;111
180;Hoothoot;1.3333;0.6667;1.6667;2;0;2;3;3;1.8;0.83;1;32.5;1.08;1758;0.5;;;;FURRET;;148;125;198
181;Noctowl;1.3333;0.6667;1.6667;2;0;2;3;3;0.71;0.7;1;21.2;1.17;677;0.5;;;;HOOTHOOT;;67;88;155
182;Ledyba;1.3333;0.6667;1.6667;2;0;2;3;3;1.6;1.64;1;40.8;0.81;2024;1;;;;NOCTOWL;;145;156;225
183;Ledian;1.3333;0.6667;1.6667;2;0;2;3;3;0.99;1.18;1;10.8;0.93;728;0.5;;;;LEDYBA;;72;118;120
184;Spinarak;1.3333;0.6667;1.6667;2;0;2;3;3;1.4;1.4;1;35.6;0.87;1346;0.42;;;;LEDIAN;;107;179;146
185;Ariados;1.3333;0.6667;1.6667;2;0;2;3;3;0.51;0.52;1;8.5;1.32;816;0.3;;;;SPINARAK;;105;73;120
186;Crobat;1.3333;0.6667;1.6667;2;0;2;3;3;1.09;1.03;1;33.5;1.02;1772;0.5;;;;ARIADOS;;161;124;172
187;Chinchou;1.3333;0.6667;1.6667;2;0;2;3;3;1.8;2.65;1;75;0.66;2646;1.25;;;;CROBAT;;194;178;198
188;Lanturn;1.3333;0.6667;1.6667;2;0;2;3;3;0.51;0.6;3;12;1.25;1119;0.5;;;;CHINCHOU;;106;97;181
189;Pichu;1.3333;0.6667;1.6667;2;0;2;3;3;1.19;1.4;3;22.5;0.87;2085;0.5;;;;LANTURN;;146;137;268
190;Cleffa;1.3333;0.6667;1.6667;2;0;2;3;3;0.3;0.37;1;2;1.53;473;0.2;;;;PICHU;;77;53;85
191;Igglybuff;1.3333;0.6667;1.6667;2;0;2;3;3;0.3;0.3;1;3;1.68;671;0.2;;;;CLEFFA;;75;79;137
192;Togepi;1.3333;0.6667;1.6667;2;0;2;3;3;0.3;0.33;1;1;1.61;535;0.2;;;;IGGLYBUFF;;69;32;207
193;Togetic;1.3333;0.6667;1.6667;2;0;2;3;3;0.3;0.3;3;1.5;1.68;657;0.2;;;;TOGEPI;;67;116;111
194;Natu;1.3333;0.6667;1.6667;2;0;2;3;3;0.61;0.6;3;3.2;1.25;1708;0.3;;;;TOGETIC;;139;181;146
195;Xatu;1.3333;0.6667;1.6667;2;0;2;3;3;0.2;0.2;3;2;2;1102;0.2;;;;NATU;;134;89;120
196;Mareep;1.3333;0.6667;1.6667;2;0;2;3;3;1.5;1.65;3;15;0.81;2188;1;;;;XATU;;192;146;163
197;Flaaffy;1.3333;0.6667;1.6667;2;0;2;3;3;0.61;0.6;5;7.8;1.25;991;0.45;;;;MAREEP;;114;79;146
198;Ampharos;1.3333;0.6667;1.6667;2;0;2;3;3;0.79;0.8;5;13.3;1.1;1521;0.37;;;;FLAAFFY;;145;109;172
199;Bellossom;1.3333;0.6667;1.6667;2;0;2;3;3;1.4;1.48;5;61.5;0.84;2852;0.49;;;;AMPHAROS;;211;169;207
200;Marill;1.3333;0.6667;1.6667;2;0;2;3;3;0.41;0.4;3;5.8;1.48;2281;0.25;;;;BELLOSSOM;;169;186;181
201;Azumarill;1.3333;0.6667;1.6667;2;0;2;3;3;0.41;0.41;3;8.5;1.47;461;0.3;;;;MARILL;;37;93;172
202;Sudowoodo;1.3333;0.6667;1.6667;2;0;2;3;3;0.79;0.72;3;28.5;1.15;1588;0.48;;;;AZUMARILL;;112;152;225
203;Politoed;1.3333;0.6667;1.6667;2;0;2;3;3;1.19;1.2;5;38;0.92;2148;0.5;;;;SUDOWOODO;;167;176;172
204;Hoppip;1.3333;0.6667;1.6667;2;0;2;3;3;1.09;1.1;3;33.9;0.96;2449;0.6;;;;POLITOED;;174;179;207
205;Skiploom;1.3333;0.6667;1.6667;2;0;2;3;3;0.41;0.82;3;0.5;1.09;600;0.6;;;;HOPPIP;;67;94;111
206;Jumpluff;1.3333;0.6667;1.6667;2;0;2;3;3;0.61;0.68;3;1;1.18;976;0.6;;;;SKIPLOOM;;91;120;146
207;Aipom;1.3333;0.6667;1.6667;2;0;2;3;3;0.79;0.75;3;3;1.13;1636;0.45;;;;JUMPLUFF;;118;183;181
208;Sunkern;1.3333;0.6667;1.6667;2;0;2;3;3;0.79;0.8;3;11.5;1.1;1348;0.45;;;;AIPOM;;136;112;146
209;Sunflora;1.3333;0.6667;1.6667;2;0;2;3;3;0.3;0.3;3;1.8;1.68;395;0.15;;;;SUNKERN;;55;55;102
210;Yanma;1.3333;0.6667;1.6667;2;0;2;3;3;0.79;0.76;3;8.5;1.13;2141;0.4;;;;SUNFLORA;;185;135;181
211;Wooper;1.3333;0.6667;1.6667;2;0;2;3;3;1.19;1.13;3;38;0.95;1470;0.7;;;;YANMA;;154;94;163
212;Quagsire;1.3333;0.6667;1.6667;2;0;2;3;3;0.41;0.4;3;8.5;1.48;641;0.3;;;;WOOPER;;75;66;146
213;Espeon;1.3333;0.6667;1.6667;2;0;2;3;3;1.4;1.4;3;75;0.87;1992;0.6;;;;QUAGSIRE;;152;143;216
214;Umbreon;1.3333;0.6667;1.6667;2;0;2;3;3;0.89;0.76;5;26.5;1.16;3170;0.4;;;;ESPEON;;261;175;163
215;Murkrow;1.3333;0.6667;1.6667;2;0;2;3;3;0.99;1;5;27;1.03;2137;0.4;;;;UMBREON;;126;240;216
216;Slowking;1.3333;0.6667;1.6667;2;0;2;3;3;0.51;0.5;3;2.1;1.35;1562;0.3;;;;MURKROW;;175;87;155
217;Misdreavus;1.3333;0.6667;1.6667;2;0;2;3;3;2.01;2;3;79.5;0.74;2545;0.75;;;;SLOWKING;;177;180;216
218;Unown;1.3333;0.6667;1.6667;2;0;2;3;3;0.71;0.63;3;1;1.22;1926;0.45;;;;MISDREAVUS;;167;154;155
219;Wobbuffet;1.3333;0.6667;1.6667;2;0;2;3;3;0.51;0.5;5;5;1.35;1185;0.35;;;;UNOWN;;136;91;134
220;Girafarig;1.3333;0.6667;1.6667;2;0;2;3;3;1.3;1.3;3;28.5;0.89;1026;0.7;;;;WOBBUFFET;;60;106;382
221;Pineco;1.3333;0.6667;1.6667;2;0;2;3;3;1.5;1.5;3;41.5;0.84;2046;0.85;;;;GIRAFARIG;;182;133;172
222;Forretress;1.3333;0.6667;1.6667;2;0;2;3;3;0.61;0.6;5;7.2;1.25;1108;0.3;;;;PINECO;;108;122;137
223;Dunsparce;1.3333;0.6667;1.6667;2;0;2;3;3;1.19;1.2;5;125.8;0.92;2282;0.9;;;;FORRETRESS;;161;205;181
224;Gligar;1.3333;0.6667;1.6667;2;0;2;3;3;1.5;1.5;3;14;0.84;1689;0.8;;;;DUNSPARCE;;131;128;225
225;Steelix;1.3333;0.6667;1.6667;2;0;2;3;3;1.09;1.07;5;64.8;0.97;1857;0.6;;;;GLIGAR;;143;184;163
226;Snubbull;1.3333;0.6667;1.6667;2;0;2;3;3;9.19;7.26;5;400;0.43;2414;4;;;;STEELIX;;148;272;181
227;Granbull;1.3333;0.6667;1.6667;2;0;2;3;3;0.61;0.66;3;7.8;1.2;1237;0.45;;;;SNUBBULL;;137;85;155
228;Qwilfish;1.3333;0.6667;1.6667;2;0;2;3;3;1.4;1.4;3;48.7;0.87;2552;0.8;;;;GRANBULL;;212;131;207
229;Scizor;1.3333;0.6667;1.6667;2;0;2;3;3;0.51;0.5;3;3.9;1.35;2051;0.55;;;;QWILFISH;;184;138;163
230;Shuckle;1.3333;0.6667;1.6667;2;0;2;3;3;2.01;1.91;5;125;0.76;3001;0.8;;;;SCIZOR;;236;181;172
231;Heracross;1.3333;0.6667;1.6667;2;0;2;3;3;0.61;0.6;3;20.5;1.25;405;0.5;;;;SHUCKLE;;17;396;85
232;Sneasel;1.3333;0.6667;1.6667;2;0;2;3;3;1.5;1.5;3;54;0.84;3101;1;;;;HERACROSS;;234;179;190
233;Teddiursa;1.3333;0.6667;1.6667;2;0;2;3;3;0.89;0.8;3;28;1.1;2051;0.42;;;;SNEASEL;;189;146;146
234;Ursaring;1.3333;0.6667;1.6667;2;0;2;3;3;0.61;0.6;3;8.8;1.25;1328;0.35;;;;TEDDIURSA;;142;93;155
235;Slugma;1.3333;0.6667;1.6667;2;0;2;3;3;1.8;1.8;3;125.8;0.78;2945;1;;;;URSARING;;236;144;207
236;Magcargo;1.3333;0.6667;1.6667;2;0;2;3;3;0.71;0.66;1;35;1.2;895;0.45;;;;SLUGMA;;118;71;120
237;Swinub;1.3333;0.6667;1.6667;2;0;2;3;3;0.79;0.78;1;55;1.11;1702;0.6;;;;MAGCARGO;;139;191;137
238;Piloswine;1.3333;0.6667;1.6667;2;0;2;3;3;0.41;0.4;3;6.5;1.48;741;0.4;;;;SWINUB;;90;69;137
239;Corsola;1.3333;0.6667;1.6667;2;0;2;3;3;1.09;1.1;3;55.8;0.96;2345;0.7;;;;PILOSWINE;;181;138;225
240;Remoraid;1.3333;0.6667;1.6667;2;0;2;3;3;0.61;0.6;3;5;1.25;1378;0.37;;;;CORSOLA;;118;156;146
241;Octillery;1.3333;0.6667;1.6667;2;0;2;3;3;0.61;0.55;1;12;1.29;912;0.32;;;;REMORAID;;127;69;111
242;Delibird;1.3333;0.6667;1.6667;2;0;2;3;3;0.89;0.92;1;28.5;1.04;2315;0.75;;;;OCTILLERY;;197;141;181
243;Mantine;1.3333;0.6667;1.6667;2;0;2;3;3;0.89;0.9;5;16;1.1;1094;0.45;;;;DELIBIRD;;128;90;128
244;Skarmory;1.3333;0.6667;1.6667;2;0;2;3;3;2.11;2.1;5;220;0.73;2108;1;;;;MANTINE;;148;226;163
245;Houndour;1.3333;0.6667;1.6667;2;0;2;3;3;1.7;1.84;5;50.5;0.77;2108;1;;;;SKARMORY;;148;226;163
246;Houndoom;1.3333;0.6667;1.6667;2;0;2;3;3;0.61;0.6;3;10.8;1.25;1234;0.4;;;;HOUNDOUR;;152;83;128
247;Kingdra;1.3333;0.6667;1.6667;2;0;2;3;3;1.4;1.25;3;35;0.91;2635;0.8;;;;HOUNDOOM;;224;144;181
248;Phanpy;1.3333;0.6667;1.6667;2;0;2;3;3;1.8;1.8;3;152;0.78;2641;0.85;;;;KINGDRA;;194;194;181
249;Donphan;1.3333;0.6667;1.6667;2;0;2;3;3;0.51;0.5;3;33.5;1.35;1206;0.4;;;;PHANPY;;107;98;207
250;Porygon2;1.3333;0.6667;1.6667;2;0;2;3;3;1.09;1.02;3;120;0.99;3013;1;;;;DONPHAN;;214;185;207
251;Stantler;1.3333;0.6667;1.6667;2;0;2;3;3;0.61;0.61;3;32.5;1.24;2711;0.5;;;;PORYGON2;;198;180;198
252;Smeargle;1.3333;0.6667;1.6667;2;0;2;3;3;1.4;1.4;3;71.2;0.87;2164;0.6;;;;STANTLER;;192;131;177
253;Tyrogue;1.3333;0.6667;1.6667;2;0;2;3;3;1.19;1.2;3;58;0.92;431;0.6;;;;SMEARGLE;;40;83;146
254;Hitmontop;1.3333;0.6667;1.6667;2;0;2;3;3;0.71;0.7;5;21;1.17;492;0.33;;;;TYROGUE;;64;64;111
255;Smoochum;1.3333;0.6667;1.6667;2;0;2;3;3;1.4;1.3;5;48;0.89;2156;0.8;;;;HITMONTOP;;173;207;137
256;Elekid;1.3333;0.6667;1.6667;2;0;2;3;3;0.41;0.48;5;6;1.37;1291;0.25;;;;SMOOCHUM;;153;91;128
257;Magby;1.3333;0.6667;1.6667;2;0;2;3;3;0.61;0.6;5;23.5;1.25;1206;0.45;;;;ELEKID;;135;101;128
258;Miltank;1.3333;0.6667;1.6667;2;0;2;3;3;0.71;0.7;5;21.4;1.17;1323;0.4;;;;MAGBY;;151;99;128
259;Blissey;1.3333;0.6667;1.6667;2;0;2;3;3;1.19;1.2;5;75.5;0.92;2354;0.7;;;;MILTANK;;157;193;216
260;Raikou;1.3333;0.6667;1.6667;2;0;2;3;3;1.5;1.5;5;46.8;0.84;2757;1;;;;BLISSEY;;129;169;496
261;Entei;1.3333;0.6667;1.6667;2;0;2;3;3;1.91;1.8;20;178;0.78;3452;1.2;;;;RAIKOU;;241;195;207
262;Suicune;1.3333;0.6667;1.6667;2;0;2;3;3;2.11;2.1;20;198;0.73;3473;1.25;;;;ENTEI;;235;171;251
263;Larvitar;1.3333;0.6667;1.6667;2;0;2;3;3;2.01;2.1;20;187;0.73;2983;1.25;;;;SUICUNE;;180;235;225
264;Pupitar;1.3333;0.6667;1.6667;2;0;2;3;3;0.61;0.61;5;72;1.24;1040;0.35;;;;LARVITAR;;115;93;137
265;Tyranitar;1.3333;0.6667;1.6667;2;0;2;3;3;1.19;1.2;5;152;0.92;1766;0.5;;;;PUPITAR;;155;133;172
266;Lugia;1.3333;0.6667;1.6667;2;0;2;3;3;2.01;2;5;202;0.74;3834;1;;;;TYRANITAR;;251;207;225
267;Ho-Oh;1.3333;0.6667;1.6667;2;0;2;3;3;5.21;4.85;20;216;0.42;3703;3;;;;LUGIA;;193;310;235
268;Celebi;1.3333;0.6667;1.6667;2;0;2;3;3;3.81;5.26;20;199;0.53;3863;4;;;;HO_OH;;239;244;214
269;Treecko;1.3333;0.6667;1.6667;2;0;2;3;3;0.61;0.65;20;5;1.2;3265;0.4;;;;CELEBI;;210;210;225
270;Grovyle;1.3333;0.6667;1.6667;2;0;2;3;3;0.51;0.5;3;5;1.35;1053;0.3;;;;TREECKO;;124;94;120
271;Sceptile;1.3333;0.6667;1.6667;2;0;2;3;3;0.89;0.82;3;21.6;1.09;1673;0.7;;;;GROVYLE;;172;120;137
272;Torchic;1.3333;0.6667;1.6667;2;0;2;3;3;1.7;1.7;3;52.2;0.8;2757;1;;;;SCEPTILE;;223;169;172
273;Combusken;1.3333;0.6667;1.6667;2;0;2;3;3;0.41;0.4;3;2.5;1.48;1093;0.5;;;;TORCHIC;;130;87;128
274;Blaziken;1.3333;0.6667;1.6667;2;0;2;3;3;0.89;0.94;3;19.5;1.03;1652;0.7;;;;COMBUSKEN;;163;115;155
275;Mudkip;1.3333;0.6667;1.6667;2;0;2;3;3;1.91;1.76;3;52;0.78;2848;1;;;;BLAZIKEN;;240;141;190
276;Marshtomp;1.3333;0.6667;1.6667;2;0;2;3;3;0.41;0.4;3;7.6;1.48;1128;0.5;;;;MUDKIP;;126;93;137
277;Swampert;1.3333;0.6667;1.6667;2;0;2;3;3;0.71;0.7;3;28;1.17;1776;0.7;;;;MARSHTOMP;;156;133;172
278;Poochyena;1.3333;0.6667;1.6667;2;0;2;3;3;1.5;1.8;3;81.9;0.78;2974;1.2;;;;SWAMPERT;;208;175;225
279;Mightyena;1.3333;0.6667;1.6667;2;0;2;3;3;0.51;0.5;1;13.6;1.35;678;0.45;;;;POOCHYENA;;96;61;111
280;Zigzagoon;1.3333;0.6667;1.6667;2;0;2;3;3;0.99;1;1;37;1;1926;0.9;;;;MIGHTYENA;;171;132;172
281;Linoone;1.3333;0.6667;1.6667;2;0;2;3;3;0.41;1.1;1;17.5;0.96;508;0.8;;;;ZIGZAGOON;;58;80;116
282;Wurmple;1.3333;0.6667;1.6667;2;0;2;3;3;0.51;1.8;1;32.5;0.78;1662;1;;;;LINOONE;;142;128;186
283;Silcoon;1.3333;0.6667;1.6667;2;0;2;3;3;0.3;0.22;1;3.6;1.92;578;0.3;;;;WURMPLE;;75;59;128
284;Beautifly;1.3333;0.6667;1.6667;2;0;2;3;3;0.61;0.39;1;10;1.5;553;0.4;;;;SILCOON;;60;77;137
285;Cascoon;1.3333;0.6667;1.6667;2;0;2;3;3;0.99;1.12;1;28.4;0.95;1765;1;;;;BEAUTIFLY;;189;98;155
286;Dustox;1.3333;0.6667;1.6667;2;0;2;3;3;0.71;0.46;1;11.5;1.4;553;0.4;;;;CASCOON;;60;77;137
287;Lotad;1.3333;0.6667;1.6667;2;0;2;3;3;1.19;1.3;1;31.6;0.89;1224;1;;;;DUSTOX;;98;162;155
288;Lombre;1.3333;0.6667;1.6667;2;0;2;3;3;0.51;0.4074074;3;2.6;1.1;598;0.8;;;;LOTAD;;71;77;120
289;Ludicolo;1.3333;0.6667;1.6667;2;0;2;3;3;1.19;1.1086956;3;32.5;0.85;1197;1;;;;LOMBRE;;112;119;155
290;Seedot;1.3333;0.6667;1.6667;2;0;2;3;3;1.5;1.9642857;3;55;1.1;2323;1;;;;LUDICOLO;;173;176;190
291;Nuzleaf;1.3333;0.6667;1.6667;2;0;2;3;3;0.51;0.5;3;4;1.35;598;0.4;;;;SEEDOT;;71;77;120
292;Shiftry;1.3333;0.6667;1.6667;2;0;2;3;3;0.99;1;3;28;1;1227;0.7;;;;NUZLEAF;;134;78;172
293;Taillow;1.3333;0.6667;1.6667;2;0;2;3;3;1.3;1.2782608;3;59.6;0.98;2333;1.2;;;;SHIFTRY;;200;121;207
294;Swellow;1.3333;0.6667;1.6667;2;0;2;3;3;0.3;0.3;1;2.3;1.68;765;0.4;;;;TAILLOW;;106;61;120
295;Wingull;1.3333;0.6667;1.6667;2;0;2;3;3;0.71;1.21;1;19.8;0.92;1920;1.1;;;;SWELLOW;;185;124;155
296;Pelipper;1.3333;0.6667;1.6667;2;0;2;3;3;0.61;1.7341464;3;9.5;0.9;765;0.9;;;;WINGULL;;106;61;120
297;Ralts;1.3333;0.6667;1.6667;2;0;2;3;3;1.19;2.5828571;3;28;0.8;2127;1.3;;;;PELIPPER;;175;174;155
298;Kirlia;1.3333;0.6667;1.6667;2;0;2;3;3;0.41;0.4;5;6.6;1.48;539;0.3;;;;RALTS;;79;59;99
299;Gardevoir;1.3333;0.6667;1.6667;2;0;2;3;3;0.79;0.94545454;5;20.2;1.3;966;0.4;;;;KIRLIA;;117;90;116
300;Surskit;1.3333;0.6667;1.6667;2;0;2;3;3;1.6;1.7341464;5;48.4;0.9;3093;0.8;;;;GARDEVOIR;;237;195;169
301;Masquerain;1.3333;0.6667;1.6667;2;0;2;3;3;0.51;0.5;1;1.7;1.35;791;0.7;;;;SURSKIT;;93;87;120
302;Shroomish;1.3333;0.6667;1.6667;2;0;2;3;3;0.79;0.75;1;3.6;1.13;2270;0.8;;;;MASQUERAIN;;192;150;172
303;Breloom;1.3333;0.6667;1.6667;2;0;2;3;3;0.41;0.4;3;4.5;1.48;810;0.6;;;;SHROOMISH;;74;110;155
304;Slakoth;1.3333;0.6667;1.6667;2;0;2;3;3;1.19;1.2604166;3;39.2;1.1;2628;0.9;;;;BRELOOM;;241;144;155
305;Vigoroth;1.3333;0.6667;1.6667;2;0;2;3;3;0.79;0.8;5;24;1.1;1002;0.8;;;;SLAKOTH;;104;92;155
306;Slaking;1.3333;0.6667;1.6667;2;0;2;3;3;1.4;1.5;5;46.5;0.84;1968;1;;;;VIGOROTH;;159;145;190
307;Nincada;1.3333;0.6667;1.6667;2;0;2;3;3;2.01;2.589041;5;130.5;0.9;4431;1.4;;;;SLAKING;;290;166;284
308;Ninjask;1.3333;0.6667;1.6667;2;0;2;3;3;0.51;0.5555556;5;5.5;1.5;768;0.4;;;;NINCADA;;80;126;104
309;Shedinja;1.3333;0.6667;1.6667;2;0;2;3;3;0.79;0.81391305;5;12;1.3;1942;0.5;;;;NINJASK;;196;112;156
310;Whismur;1.3333;0.6667;1.6667;2;0;2;3;3;0.79;0.8449074;5;1.2;1.25;393;0.5;;;;SHEDINJA;;153;73;1
311;Loudred;1.3333;0.6667;1.6667;2;0;2;3;3;0.61;0.6;1;16.3;1.25;671;0.7;;;;WHISMUR;;92;42;162
312;Exploud;1.3333;0.6667;1.6667;2;0;2;3;3;0.99;1;1;40.5;1;1327;0.8;;;;LOUDRED;;134;81;197
313;Makuhita;1.3333;0.6667;1.6667;2;0;2;3;3;1.5;1.5;1;84;0.84;2347;1;;;;EXPLOUD;;179;137;232
314;Hariyama;1.3333;0.6667;1.6667;2;0;2;3;3;0.99;1;3;86.4;1;817;0.7;;;;MAKUHITA;;99;54;176
315;Azurill;1.3333;0.6667;1.6667;2;0;2;3;3;2.31;2.3;3;253.8;0.7;2829;3;;;;HARIYAMA;;209;114;302
316;Nosepass;1.3333;0.6667;1.6667;2;0;2;3;3;0.2;0.31;3;2;1.65;364;0.3;;;;AZURILL;;36;71;137
317;Skitty;1.3333;0.6667;1.6667;2;0;2;3;3;0.99;1;3;97;1;993;0.8;;;;NOSEPASS;;82;215;102
318;Delcatty;1.3333;0.6667;1.6667;2;0;2;3;3;0.61;0.6;3;11;1.25;739;0.5;;;;SKITTY;;84;79;137
319;Sableye;1.3333;0.6667;1.6667;2;0;2;3;3;1.09;1.2604166;3;32.6;1.1;1496;0.8;;;;DELCATTY;;132;127;172
320;Mawile;1.3333;0.6667;1.6667;2;0;2;3;3;0.51;0.5;5;11;1.35;1476;0.5;;;;SABLEYE;;141;136;137
321;Aron;1.3333;0.6667;1.6667;2;0;2;3;3;0.61;0.62;5;11.5;1.23;1634;1;;;;MAWILE;;155;141;137
322;Lairon;1.3333;0.6667;1.6667;2;0;2;3;3;0.41;0.4;1;60;1.48;1307;0.5;;;;ARON;;121;141;137
323;Aggron;1.3333;0.6667;1.6667;2;0;2;3;3;0.89;0.9;1;120;1.05;2056;1;;;;LAIRON;;158;198;155
324;Meditite;1.3333;0.6667;1.6667;2;0;2;3;3;2.11;2.2;1;360;0.71;3000;2;;;;AGGRON;;198;257;172
325;Medicham;1.3333;0.6667;1.6667;2;0;2;3;3;0.61;0.57;3;11.2;1.27;693;0.4;;;;MEDITITE;;78;107;102
326;Electrike;1.3333;0.6667;1.6667;2;0;2;3;3;1.3;1.5113636;3;31.5;1;1431;0.7;;;;MEDICHAM;;121;152;155
327;Manectric;1.3333;0.6667;1.6667;2;0;2;3;3;0.61;1.02;3;15.2;0.99;965;0.75;;;;ELECTRIKE;;123;78;120
328;Plusle;1.3333;0.6667;1.6667;2;0;2;3;3;1.5;1.6091954;3;40.2;1;2340;1;;;;MANECTRIC;;215;127;172
329;Minun;1.3333;0.6667;1.6667;2;0;2;3;3;0.41;0.4;3;4.2;1.48;1778;0.3;;;;PLUSLE;;167;129;155
330;Volbeat;1.3333;0.6667;1.6667;2;0;2;3;3;0.41;0.4;3;4.2;1.48;1694;0.3;;;;MINUN;;147;150;155
331;Illumise;1.3333;0.6667;1.6667;2;0;2;3;3;0.71;0.7;3;17.7;1.17;1771;0.6;;;;VOLBEAT;;143;166;163
332;Roselia;1.3333;0.6667;1.6667;2;0;2;3;3;0.61;0.6;3;17.7;1.25;1771;0.6;;;;ILLUMISE;;143;166;163
333;Gulpin;1.3333;0.6667;1.6667;2;0;2;3;3;0.3;0.35714287;3;2;2;1870;0.2;;;;ROSELIA;;186;131;137
334;Swalot;1.3333;0.6667;1.6667;2;0;2;3;3;0.41;0.55;1;10.3;1.29;866;0.5;;;;GULPIN;;80;99;172
335;Carvanha;1.3333;0.6667;1.6667;2;0;2;3;3;1.7;1.7;1;80;0.8;1978;1.4;;;;SWALOT;;140;159;225
336;Sharpedo;1.3333;0.6667;1.6667;2;0;2;3;3;0.79;0.86;3;20.8;1.07;1020;0.8;;;;CARVANHA;;171;39;128
337;Wailmer;1.3333;0.6667;1.6667;2;0;2;3;3;1.8;1.35;3;88.8;0.88;2181;1.2;;;;SHARPEDO;;243;83;172
338;Wailord;1.3333;0.6667;1.6667;2;0;2;3;3;2.01;1.654054;1;130;0.6;1468;2;;;;WAILMER;;136;68;277
339;Numel;1.3333;0.6667;1.6667;2;0;2;3;3;14.5;7;1;398;0.18;2280;10;;;;WAILORD;;175;87;347
340;Camerupt;1.3333;0.6667;1.6667;2;0;2;3;3;0.71;0.7;3;24;1.17;1057;0.6;;;;NUMEL;;119;79;155
341;Torkoal;1.3333;0.6667;1.6667;2;0;2;3;3;1.91;1.8461539;3;220;0.8;2193;1.5;;;;CAMERUPT;;194;136;172
342;Spoink;1.3333;0.6667;1.6667;2;0;2;3;3;0.51;0.82;3;80.4;1.09;2093;0.7;;;;TORKOAL;;151;203;172
343;Grumpig;1.3333;0.6667;1.6667;2;0;2;3;3;0.71;0.768;1;30.6;1.6;1334;0.5;;;;SPOINK;;125;122;155
344;Spinda;1.3333;0.6667;1.6667;2;0;2;3;3;0.89;1.1490566;1;71.5;1.4;2369;0.8;;;;GRUMPIG;;171;188;190
345;Trapinch;1.3333;0.6667;1.6667;2;0;2;3;3;1.09;1.05;3;5;0.98;1220;0.7;;;;SPINDA;;116;116;155
346;Vibrava;1.3333;0.6667;1.6667;2;0;2;3;3;0.71;0.65;5;15;1.2;1274;0.5;;;;TRAPINCH;;162;78;128
347;Flygon;1.3333;0.6667;1.6667;2;0;2;3;3;1.09;1.1;5;15.3;0.96;1225;1;;;;VIBRAVA;;134;99;137
348;Cacnea;1.3333;0.6667;1.6667;2;0;2;3;3;2.01;2.0869565;5;82;0.6;2661;2;;;;FLYGON;;205;168;190
349;Cacturne;1.3333;0.6667;1.6667;2;0;2;3;3;0.41;0.43;3;51.3;1.44;1242;0.6;;;;CACNEA;;156;74;137
350;Swablu;1.3333;0.6667;1.6667;2;0;2;3;3;1.3;1.3736264;3;77.4;1;2298;0.8;;;;CACTURNE;;221;115;172
351;Altaria;1.3333;0.6667;1.6667;2;0;2;3;3;0.41;1.39;1;1.2;0.87;824;0.8;;;;SWABLU;;76;132;128
352;Zangoose;1.3333;0.6667;1.6667;2;0;2;3;3;1.09;2.17;1;20.6;0.72;2004;1.3;;;;ALTARIA;;141;201;181
353;Seviper;1.3333;0.6667;1.6667;2;0;2;3;3;1.3;1.35;3;40.3;0.88;2418;1;;;;ZANGOOSE;;222;124;177
354;Lunatone;1.3333;0.6667;1.6667;2;0;2;3;3;2.69;1.8344444;3;52.5;1.3;2105;0.9;;;;SEVIPER;;196;118;177
355;Solrock;1.3333;0.6667;1.6667;2;0;2;3;3;0.99;1;3;168;1;2327;0.8;;;;LUNATONE;;178;153;207
356;Barboach;1.3333;0.6667;1.6667;2;0;2;3;3;1.19;1.2;3;154;0.92;2327;1;;;;SOLROCK;;178;153;207
357;Whiscash;1.3333;0.6667;1.6667;2;0;2;3;3;0.41;0.4864865;1;1.9;1.8;819;0.4;;;;BARBOACH;;93;82;137
358;Corphish;1.3333;0.6667;1.6667;2;0;2;3;3;0.89;1.1142857;1;23.6;1.3;2075;0.6;;;;WHISCASH;;151;141;242
359;Crawdaunt;1.3333;0.6667;1.6667;2;0;2;3;3;0.61;0.56;3;11.5;1.28;1230;0.5;;;;CORPHISH;;141;99;125
360;Baltoy;1.3333;0.6667;1.6667;2;0;2;3;3;1.09;1.2;3;32.8;0.92;2474;1.2;;;;CRAWDAUNT;;224;142;160
361;Claydol;1.3333;0.6667;1.6667;2;0;2;3;3;0.51;0.5;3;21.5;1.35;787;0.5;;;;BALTOY;;77;124;120
362;Lileep;1.3333;0.6667;1.6667;2;0;2;3;3;1.5;1.35;3;108;0.88;1971;1;;;;CLAYDOL;;140;229;155
363;Cradily;1.3333;0.6667;1.6667;2;0;2;3;3;0.99;0.92;3;23.8;1.04;1291;0.8;;;;LILEEP;;105;150;165
364;Anorith;1.3333;0.6667;1.6667;2;0;2;3;3;1.5;1.45;3;60.4;0.85;2211;0.9;;;;CRADILY;;152;194;200
365;Armaldo;1.3333;0.6667;1.6667;2;0;2;3;3;0.71;0.7;3;12.5;1.17;1529;0.6;;;;ANORITH;;176;100;128
366;Feebas;1.3333;0.6667;1.6667;2;0;2;3;3;1.5;1.38;3;68.2;0.87;2848;1;;;;ARMALDO;;222;174;181
367;Milotic;1.3333;0.6667;1.6667;2;0;2;3;3;0.61;0.6;5;7.4;1.25;274;0.5;;;;FEEBAS;;29;85;85
368;Castform;1.3333;0.6667;1.6667;2;0;2;3;3;6.2;2.3;5;162;0.7;3005;1.3;;;;MILOTIC;;192;219;216
369;Castform Rainy;1.3333;0.6667;1.6667;2;0;2;3;3;0.3;0.35;5;0.8;1.57;1632;0.4;;;;CASTFORM;;139;139;172
370;Castform Snowy;1.3333;0.6667;1.6667;2;0;2;3;3;0.3;0.35;5;0.8;1.57;1632;0.4;;;;CASTFORM_RAINY;;139;139;172
371;Castform Sunny;1.3333;0.6667;1.6667;2;0;2;3;3;0.3;0.35;5;0.8;1.57;1632;0.4;;;;CASTFORM_SNOWY;;139;139;172
372;Kecleon;1.3333;0.6667;1.6667;2;0;2;3;3;0.3;0.35;5;0.8;1.57;1632;0.4;;;;CASTFORM_SUNNY;;139;139;172
373;Shuppet;1.3333;0.6667;1.6667;2;0;2;3;3;0.99;0.95;5;22;1.02;2047;0.6;;;;KECLEON;;161;189;155
374;Banette;1.3333;0.6667;1.6667;2;0;2;3;3;0.61;0.64;3;2.3;1.21;1018;0.5;;;;SHUPPET;;138;65;127
375;Duskull;1.3333;0.6667;1.6667;2;0;2;3;3;1.09;1.08;3;12.5;0.97;2298;0.7;;;;BANETTE;;218;126;162
376;Dusclops;1.3333;0.6667;1.6667;2;0;2;3;3;0.79;0.8;3;15;1.1;706;0.7;;;;DUSKULL;;70;162;85
377;Tropius;1.3333;0.6667;1.6667;2;0;2;3;3;1.6;1.55;3;30.6;0.83;1591;1.2;;;;DUSCLOPS;;124;234;120
378;Chimecho;1.3333;0.6667;1.6667;2;0;2;3;3;2.01;3.09;5;100;0.62;1941;1.8;;;;TROPIUS;;136;163;223
379;Absol;1.3333;0.6667;1.6667;2;0;2;3;3;0.61;0.58;5;1;1.26;2259;0.3;;;;CHIMECHO;;175;170;181
380;Wynaut;1.3333;0.6667;1.6667;2;0;2;3;3;1.19;1.3043479;5;47;1;2526;1;;;;ABSOL;;246;120;163
381;Snorunt;1.3333;0.6667;1.6667;2;0;2;3;3;0.61;0.59583336;3;14;1.1;534;0.5;;;;WYNAUT;;41;86;216
382;Glalie;1.3333;0.6667;1.6667;2;0;2;3;3;0.71;0.6581197;3;16.8;1.1;888;0.5;;;;SNORUNT;;95;95;137
383;Spheal;1.3333;0.6667;1.6667;2;0;2;3;3;1.5;1.5;3;256.5;0.84;2105;1;;;;GLALIE;;162;162;190
384;Sealeo;1.3333;0.6667;1.6667;2;0;2;3;3;0.79;0.8;3;39.5;1.1;962;0.8;;;;SPHEAL;;95;90;172
385;Walrein;1.3333;0.6667;1.6667;2;0;2;3;3;1.09;0.84705883;3;87.6;0.9;1714;1;;;;SEALEO;;137;132;207
386;Clamperl;1.3333;0.6667;1.6667;2;0;2;3;3;1.4;1.3876405;3;150.6;0.95;2726;1.2;;;;WALREIN;;182;176;242
387;Huntail;1.3333;0.6667;1.6667;2;0;2;3;3;0.41;0.4;3;52.5;1.48;1270;0.5;;;;CLAMPERL;;133;135;111
388;Gorebyss;1.3333;0.6667;1.6667;2;0;2;3;3;1.7;2.1465116;3;27;1.3;2340;0.8;;;;HUNTAIL;;197;179;146
389;Relicanth;1.3333;0.6667;1.6667;2;0;2;3;3;1.8;2.009091;3;22.6;1.3;2494;0.9;;;;GOREBYSS;;211;179;146
390;Luvdisc;1.3333;0.6667;1.6667;2;0;2;3;3;0.99;0.92;5;23.4;1.04;2528;1;;;;RELICANTH;;162;203;225
391;Bagon;1.3333;0.6667;1.6667;2;0;2;3;3;0.61;0.6;3;8.7;1.25;848;0.6;;;;LUVDISC;;81;128;125
392;Shelgon;1.3333;0.6667;1.6667;2;0;2;3;3;0.61;0.65;5;42.1;1.2;1156;0.7;;;;BAGON;;134;93;128
393;Salamence;1.3333;0.6667;1.6667;2;0;2;3;3;1.09;1.1;5;110.5;0.96;2031;0.8;;;;SHELGON;;172;155;163
394;Beldum;1.3333;0.6667;1.6667;2;0;2;3;3;1.5;1.6;5;102.6;0.82;3749;1.7;;;;SALAMENCE;;277;168;216
395;Metang;1.3333;0.6667;1.6667;2;0;2;3;3;0.61;0.61;5;95.2;1.33;976;0.5;;;;BELDUM;;96;132;120
396;Metagross;1.3333;0.6667;1.6667;2;0;2;3;3;1.19;1.53;5;202.5;0.83;1721;1.3;;;;METANG;;138;176;155
397;Regirock;1.3333;0.6667;1.6667;2;0;2;3;3;1.6;2.6;5;550;0.66;3791;2;;;;METAGROSS;;257;228;190
398;Regice;1.3333;0.6667;1.6667;2;0;2;3;3;1.7;1.7;20;230;0.8;3122;1.5;;;;REGIROCK;;179;309;190
399;Registeel;1.3333;0.6667;1.6667;2;0;2;3;3;1.8;1.8;20;175;0.78;3122;1.5;;;;REGICE;;179;309;190
400;Latias;1.3333;0.6667;1.6667;2;0;2;3;3;1.91;1.5;20;205;0.6;2447;1.5;;;;REGISTEEL;;143;285;190
401;Latios;1.3333;0.6667;1.6667;2;0;2;3;3;1.4;1.5225806;20;40;1.2;3510;0.8;;;;LATIAS;;228;246;190
402;Kyogre;1.3333;0.6667;1.6667;2;0;2;3;3;2.01;1.92;20;60;0.76;3812;1.2;;;;LATIOS;;268;212;190
403;Groudon;1.3333;0.6667;1.6667;2;0;2;3;3;4.5;1;20;352;0.56;4115;5;;;;KYOGRE;;270;228;205
404;Rayquaza;1.3333;0.6667;1.6667;2;0;2;3;3;3.51;3;20;950;0.56;4115;2.5;;;;GROUDON;;270;228;205
405;Jirachi;1.3333;0.6667;1.6667;2;0;2;3;3;7.01;3.76;20;206.5;0.57;3835;2;;;;RAYQUAZA;;284;170;213
406;Deoxys;1.3333;0.6667;1.6667;2;0;2;3;3;0.3;0.3;20;1.1;1.68;3265;0.3;;;;JIRACHI;;210;210;225
407;Deoxys Attack;1.3333;0.6667;1.6667;2;0;2;3;3;1.7;1.55;20;60.8;0.83;3160;1;;;;DEOXYS;;345;115;137
408;Deoxys Defense;1.3333;0.6667;1.6667;2;0;2;3;3;1.7;1.55;20;60.8;0.83;2580;1;;;;DEOXYS_ATTACK;;414;46;137
409;Deoxys Speed;1.3333;0.6667;1.6667;2;0;2;3;3;1.7;1.55;20;60.8;0.83;2274;1;;;;DEOXYS_DEFENSE;;144;330;137
410;Turtwig;1.3333;0.6667;1.6667;2;0;2;3;3;1.7;1.55;20;60.8;0.83;2879;1;;;;DEOXYS_SPEED;;230;218;137
411;Grotle;1.9;0.6667;1.8;1.7667;0;2.4;0.8667;0;0.4;0.4;3;10.2;1.26;1187;0.25;;;;TURTWIG;;119;110;146
412;Torterra;1.9;0.6667;1.8;1.7667;0;2.4;0.8667;0;1.1;1.1;3;97;1.26;1890;0.7;;;;GROTLE;;157;143;181
413;Chimchar;1.9;0.6667;1.8;1.7667;0;2.4;0.8667;0;2.2;2.2;3;310;1.26;2934;1;;;;TORTERRA;;202;188;216
414;Monferno;1.9;0.6667;1.8;1.7667;0;2.4;0.8667;0;0.5;0.48;3;6.2;1.26;957;0.1;;;;CHIMCHAR;;113;86;127
415;Infernape;1.9;0.6667;1.8;1.7667;0;2.4;0.8667;0;0.9;0.9;3;22;1.26;1574;0.252;;;;MONFERNO;;158;105;162
416;Piplup;1.9;0.6667;1.8;1.7667;0;2.4;0.8667;0;1.2;1.28;3;55;1.26;2683;0.4;;;;INFERNAPE;;222;151;183
417;Prinplup;1.9;0.6667;1.8;1.7667;0;2.4;0.8667;0;0.4;0.4;3;5.2;1.26;1075;0.18;;;;PIPLUP;;112;102;142
418;Empoleon;1.9;0.6667;1.8;1.7667;0;2.4;0.8667;0;0.8;0.8;3;23;1.26;1701;0.252;;;;PRINPLUP;;150;139;162
419;Starly;1.9;0.6667;1.8;1.7667;0;2.4;0.8667;0;1.7;1.7;3;84.5;1.26;2900;0.4;;;;EMPOLEON;;210;186;197
420;Staravia;1.9;0.6667;1.8;1.7667;0;2.4;0.8667;0;0.3;0.32;1;2;1.26;719;0.18;;;;STARLY;;101;58;120
421;Staraptor;1.9;0.6667;1.8;1.7667;0;2.4;0.8667;0;0.6;0.97;1;15.5;1.26;1299;0.252;;;;STARAVIA;;142;94;146
422;Bidoof;1.9;0.6667;1.8;1.7667;0;2.4;0.8667;0;1.2;2.34;1;24.9;1.26;2825;0.5;;;;STARAPTOR;;234;140;198
423;Bibarel;1.9;0.6667;1.8;1.7667;0;2.4;0.8667;0;0.5;0.5;1;20;1.26;721;0.252;;;;BIDOOF;;80;73;153
424;Kricketot;1.9;0.6667;1.8;1.7667;0;2.4;0.8667;0;1;1;1;31.5;1.26;1823;0.5;;;;BIBAREL;;162;119;188
425;Kricketune;1.9;0.6667;1.8;1.7667;0;2.4;0.8667;0;0.3;0.31;1;2.2;1.26;401;0.1;;;;KRICKETOT;;45;74;114
426;Shinx;1.9;0.6667;1.8;1.7667;0;2.4;0.8667;0;1;1;1;25.5;1.26;1653;0.2;;;;KRICKETUNE;;160;100;184
427;Luxio;1.9;0.6667;1.8;1.7667;0;2.4;0.8667;0;0.5;0.5;5;9.5;1.26;876;0.252;;;;SHINX;;117;64;128
428;Luxray;1.9;0.6667;1.8;1.7667;0;2.4;0.8667;0;0.9;0.9;5;30.5;1.26;1486;0.45;;;;LUXIO;;159;95;155
429;Budew;1.9;0.6667;1.8;1.7667;0;2.4;0.8667;0;1.4;1.4;5;42;1.26;2888;0.65;;;;LUXRAY;;232;156;190
430;Roserade;1.9;0.6667;1.8;1.7667;0;2.4;0.8667;0;0.2;0.2;3;1.2;1.26;856;0.189;;;;BUDEW;;91;109;120
431;Cranidos;1.9;0.6667;1.8;1.7667;0;2.4;0.8667;0;0.9;0.9;3;14.5;1.26;2971;0.18;;;;ROSERADE;;243;185;155
432;Rampardos;1.9;0.6667;1.8;1.7667;0;2.4;0.8667;0;0.9;0.8;1;31.5;1.26;1820;0.5;;;;CRANIDOS;;218;71;167
433;Shieldon;1.9;0.6667;1.8;1.7667;0;2.4;0.8667;0;1.6;1.43;5;102.5;1.26;3298;0.8;;;;RAMPARDOS;;295;109;219
434;Bastiodon;1.9;0.6667;1.8;1.7667;0;2.4;0.8667;0;0.5;0.5;5;57;1.26;890;0.35;;;;SHIELDON;;76;195;102
435;Burmy;1.9;0.6667;1.8;1.7667;0;2.4;0.8667;0;1.3;1.3;5;149.5;1.26;1539;0.98;;;;BASTIODON;;94;286;155
436;Wormadam;1.9;0.6667;1.8;1.7667;0;2.4;0.8667;0;0.2;0.34;5;3.4;1.26;488;0.252;;;;BURMY;;53;83;120
437;Wormadam Plant;1.9;0.6667;1.8;1.7667;0;2.4;0.8667;0;0.5;0.5;1;6.5;1.26;1773;0.252;;;;WORMADAM;;141;180;155
438;Wormadam Sandy;1.9;0.6667;1.8;1.7667;0;2.4;0.8667;0;0.5;0.5;1;6.5;1.26;1773;0.252;;;;WORMADAM_PLANT;;141;180;155
439;Wormadam Trash;1.9;0.6667;1.8;1.7667;0;2.4;0.8667;0;0.5;0.5;1;6.5;1.26;1773;0.252;;;;WORMADAM_SANDY;;141;180;155
440;Mothim;1.9;0.6667;1.8;1.7667;0;2.4;0.8667;0;0.5;0.5;1;6.5;1.26;1593;0.252;;;;WORMADAM_TRASH;;127;175;155
441;Combee;1.9;0.6667;1.8;1.7667;0;2.4;0.8667;0;0.9;0.9;1;23.3;1.26;1815;0.252;;;;MOTHIM;;185;98;172
442;Vespiquen;1.9;0.6667;1.8;1.7667;0;2.4;0.8667;0;0.3;0.3;3;5.5;1.26;494;0.17;;;;COMBEE;;59;83;102
443;Pachirisu;1.9;0.6667;1.8;1.7667;0;2.4;0.8667;0;1.2;1.27;3;38.5;1.26;2005;0.6;;;;VESPIQUEN;;149;190;172
444;Buizel;1.9;0.6667;1.8;1.7667;0;2.4;0.8667;0;0.4;0.4;5;3.9;1.26;1213;0.252;;;;PACHIRISU;;94;172;155
445;Floatzel;1.9;0.6667;1.8;1.7667;0;2.4;0.8667;0;0.7;0.7;3;29.5;1.26;1054;0.252;;;;BUIZEL;;132;67;146
446;Cherubi;1.9;0.6667;1.8;1.7667;0;2.4;0.8667;0;1.1;1.1;3;33.5;1.26;2443;0.32;;;;FLOATZEL;;221;114;198
447;Cherrim;1.9;0.6667;1.8;1.7667;0;2.4;0.8667;0;0.4;0.4;3;3.3;1.26;950;0.2;;;;CHERUBI;;108;92;128
448;Cherrim Overcast;1.9;0.6667;1.8;1.7667;0;2.4;0.8667;0;0.5;0.5;3;9.3;1.26;2048;0.2;;;;CHERRIM;;170;153;172
449;Cherrim Sunny;1.9;0.6667;1.8;1.7667;0;2.4;0.8667;0;0.5;0.51;3;9.3;1.26;2048;0.252;;;;CHERRIM_OVERCAST;;170;153;172
450;Shellos;1.9;0.6667;1.8;1.7667;0;2.4;0.8667;0;0.5;0.5;3;9.3;1.26;2048;0.252;;;;CHERRIM_SUNNY;;170;153;172
451;Shellos East Sea;1.9;0.6667;1.8;1.7667;0;2.4;0.8667;0;0.3;0.3;5;6.3;1.26;1136;0.252;;;;SHELLOS;;103;105;183
452;Shellos West Sea;1.9;0.6667;1.8;1.7667;0;2.4;0.8667;0;0.3;0.3;5;6.3;1.26;1136;0.252;;;;SHELLOS_EAST_SEA;;103;105;183
453;Gastrodon;1.9;0.6667;1.8;1.7667;0;2.4;0.8667;0;0.3;0.3;5;6.3;1.26;1136;0.252;;;;SHELLOS_WEST_SEA;;103;105;183
454;Gastrodon East Sea;1.9;0.6667;1.8;1.7667;0;2.4;0.8667;0;0.9;0.9;5;29.9;1.26;2324;0.252;;;;GASTRODON;;169;143;244
455;Gastrodon West Sea;1.9;0.6667;1.8;1.7667;0;2.4;0.8667;0;0.9;0.9;5;29.9;1.26;2324;0.252;;;;GASTRODON_EAST_SEA;;169;143;244
456;Ambipom;1.9;0.6667;1.8;1.7667;0;2.4;0.8667;0;0.9;0.9;5;29.9;1.26;2324;0.252;;;;GASTRODON_WEST_SEA;;169;143;244
457;Drifloon;1.9;0.6667;1.8;1.7667;0;2.4;0.8667;0;1.2;1.27;1;20.3;1.26;2418;0.252;;;;AMBIPOM;;205;143;181
458;Drifblim;1.9;0.6667;1.8;1.7667;0;2.4;0.8667;0;0.4;0.76;5;1.2;1.26;1197;0.75;;;;DRIFLOON;;117;80;207
459;Buneary;1.9;0.6667;1.8;1.7667;0;2.4;0.8667;0;1.2;1.66;5;15;1.26;2382;0.45;;;;DRIFBLIM;;180;102;312
460;Lopunny;1.9;0.6667;1.8;1.7667;0;2.4;0.8667;0;0.4;0.4;3;5.5;1.26;1258;0.15;;;;BUNEARY;;130;105;146
461;Mismagius;1.9;0.6667;1.8;1.7667;0;2.4;0.8667;0;1.2;1.13;3;33.3;1.26;2059;0.252;;;;LOPUNNY;;156;194;163
462;Honchkrow;1.9;0.6667;1.8;1.7667;0;2.4;0.8667;0;0.9;0.9;1;4.4;1.26;2615;0.252;;;;MISMAGIUS;;211;187;155
463;Glameow;1.9;0.6667;1.8;1.7667;0;2.4;0.8667;0;0.9;1.65;3;27.3;1.26;2711;0.55;;;;HONCHKROW;;243;103;225
464;Purugly;1.9;0.6667;1.8;1.7667;0;2.4;0.8667;0;0.5;0.5;3;3.9;1.26;934;0.252;;;;GLAMEOW;;109;82;135
465;Chingling;1.9;0.6667;1.8;1.7667;0;2.4;0.8667;0;1;1;3;43.8;1.26;1953;0.5;;;;PURUGLY;;172;133;174
466;Stunky;1.9;0.6667;1.8;1.7667;0;2.4;0.8667;0;0.2;0.3;1;0.6;1.26;1005;0.15;;;;CHINGLING;;114;94;128
467;Skuntank;1.9;0.6667;1.8;1.7667;0;2.4;0.8667;0;0.4;0.7;3;19.2;1.26;1151;0.43;;;;STUNKY;;121;90;160
468;Bronzor;1.9;0.6667;1.8;1.7667;0;2.4;0.8667;0;1;1;3;38;1.26;2358;0.7;;;;SKUNTANK;;184;132;230
469;Bronzong;1.9;0.6667;1.8;1.7667;0;2.4;0.8667;0;0.5;0.5;3;60.5;1.26;603;0.2;;;;BRONZOR;;43;154;149
470;Bonsly;1.9;0.6667;1.8;1.7667;0;2.4;0.8667;0;1.3;1.3;3;187;1.26;2239;0.5;;;;BRONZONG;;161;213;167
471;Mime Jr;1.9;0.6667;1.8;1.7667;0;2.4;0.8667;0;0.5;0.5;1;15;1.26;1302;0.252;;;;BONSLY;;124;133;137
472;Happiny;1.9;0.6667;1.8;1.7667;0;2.4;0.8667;0;0.6;0.88;1;13;1.26;1095;0.252;;;;MIME_JR;;125;142;85
473;Chatot;1.9;0.6667;1.8;1.7667;0;2.4;0.8667;0;0.6;0.6;5;24.4;1.26;371;0.252;;;;HAPPINY;;25;77;225
474;Spiritomb;1.9;0.6667;1.8;1.7667;0;2.4;0.8667;0;0.5;0.5;5;1.9;1.26;1791;0.65;;;;CHATOT;;183;91;183
475;Gible;1.9;0.6667;1.8;1.7667;0;2.4;0.8667;0;1;1.43;5;108;1.26;2072;0.5;;;;SPIRITOMB;;169;199;137
476;Gabite;1.9;0.6667;1.8;1.7667;0;2.4;0.8667;0;0.7;0.72;5;20.5;1.26;1112;0.35;;;;GIBLE;;124;84;151
477;Garchomp;1.9;0.6667;1.8;1.7667;0;2.4;0.8667;0;1.4;1.3;5;56;1.26;1874;0.55;;;;GABITE;;172;125;169
478;Munchlax;1.9;0.6667;1.8;1.7667;0;2.4;0.8667;0;1.9;1.95;5;95;1.26;3962;0.9;;;;GARCHOMP;;261;193;239
479;Riolu;1.9;0.6667;1.8;1.7667;0;2.4;0.8667;0;0.6;0.6;5;105;1.26;1892;0.252;;;;MUNCHLAX;;137;117;286
480;Lucario;1.9;0.6667;1.8;1.7667;0;2.4;0.8667;0;0.7;0.7;5;20.2;1.26;993;0.18;;;;RIOLU;;127;78;120
481;Hippopotas;1.9;0.6667;1.8;1.7667;0;2.4;0.8667;0;1.2;1.25;5;54;1.26;2703;0.252;;;;LUCARIO;;236;144;172
482;Hippowdon;1.9;0.6667;1.8;1.7667;0;2.4;0.8667;0;0.8;1.3;1;49.5;1.26;1358;0.252;;;;HIPPOPOTAS;;124;118;169
483;Skorupi;1.9;0.6667;1.8;1.7667;0;2.4;0.8667;0;2;3.8;1;300;1.26;3085;0.252;;;;HIPPOWDON;;201;191;239
484;Drapion;1.9;0.6667;1.8;1.7667;0;2.4;0.8667;0;0.8;0.8;5;12;1.26;1009;0.4;;;;SKORUPI;;93;151;120
485;Croagunk;1.9;0.6667;1.8;1.7667;0;2.4;0.8667;0;1.3;1.2;5;61.5;1.26;2453;1.4;;;;DRAPION;;180;202;172
486;Toxicroak;1.9;0.6667;1.8;1.7667;0;2.4;0.8667;0;0.7;0.6;3;23;1.26;952;0.252;;;;CROAGUNK;;116;76;134
487;Carnivine;1.9;0.6667;1.8;1.7667;0;2.4;0.8667;0;1.3;1.2;3;44.4;1.26;2488;0.7;;;;TOXICROAK;;211;133;195
488;Finneon;1.9;0.6667;1.8;1.7667;0;2.4;0.8667;0;1.4;1.44;5;27;1.26;2159;0.6;;;;CARNIVINE;;187;136;179
489;Lumineon;1.9;0.6667;1.8;1.7667;0;2.4;0.8667;0;0.4;0.4;3;7;1.26;971;0.2;;;;FINNEON;;96;116;135
490;Mantyke;1.9;0.6667;1.8;1.7667;0;2.4;0.8667;0;1.2;1.2;3;24;1.26;1814;0.252;;;;LUMINEON;;142;170;170
491;Snover;1.9;0.6667;1.8;1.7667;0;2.4;0.8667;0;1;0.92;3;65;1.26;1248;0.252;;;;MANTYKE;;105;179;128
492;Abomasnow;1.9;0.6667;1.8;1.7667;0;2.4;0.8667;0;1;1;3;50.5;1.26;1159;0.252;;;;SNOVER;;115;105;155
493;Weavile;1.9;0.6667;1.8;1.7667;0;2.4;0.8667;0;2.2;2.17;3;135.5;1.26;2362;1.6;;;;ABOMASNOW;;178;158;207
494;Magnezone;1.9;0.6667;1.8;1.7667;0;2.4;0.8667;0;1.1;1.01;3;34;1.26;3005;0.4;;;;WEAVILE;;243;171;172
495;Lickilicky;1.9;0.6667;1.8;1.7667;0;2.4;0.8667;0;1.2;1.56;3;180;1.26;3205;1;;;;MAGNEZONE;;238;205;172
496;Rhyperior;1.9;0.6667;1.8;1.7667;0;2.4;0.8667;0;1.7;1.7;3;140;1.26;2467;0.7;;;;LICKILICKY;;161;181;242
497;Tangrowth;1.9;0.6667;1.8;1.7667;0;2.4;0.8667;0;2.4;2.7;3;282.8;1.26;3733;1.6;;;;RHYPERIOR;;241;190;251
498;Electivire;1.9;0.6667;1.8;1.7667;0;2.4;0.8667;0;2;2.05;3;128.6;1.26;3030;0.252;;;;TANGROWTH;;207;184;225
499;Magmortar;1.9;0.6667;1.8;1.7667;0;2.4;0.8667;0;1.8;1.75;3;138.6;1.26;3079;1;;;;ELECTIVIRE;;249;163;181
500;Togekiss;1.9;0.6667;1.8;1.7667;0;2.4;0.8667;0;1.6;1.75;3;68;1;3132;1;;;;MAGMORTAR;;247;172;181
501;Yanmega;1.9;0.6667;1.8;1.7667;0;2.4;0.8667;0;1.5;1.25;3;38;1.26;3332;1;;;;TOGEKISS;;225;217;198
502;Leafeon;1.9;0.6667;1.8;1.7667;0;2.4;0.8667;0;1.9;1.8;3;51.5;1.26;2946;0.252;;;;YANMEGA;;231;156;200
503;Glaceon;1.9;0.6667;1.8;1.7667;0;2.4;0.8667;0;1;0.91;3;25.5;1.26;2944;0.4;;;;LEAFEON;;216;219;163
504;Gliscor;1.9;0.6667;1.8;1.7667;0;2.4;0.8667;0;0.8;0.8;3;25.9;1.26;3126;0.4;;;;GLACEON;;238;205;163
505;Mamoswine;1.9;0.6667;1.8;1.7667;0;2.4;0.8667;0;2;1.57;3;42.5;1.26;2692;0.65;;;;GLISCOR;;185;222;181
506;Porygon Z;1.9;0.6667;1.8;1.7667;0;2.4;0.8667;0;2.5;3.82;1;291;1.26;3328;1.5;;;;MAMOSWINE;;247;146;242
507;Gallade;1.9;0.6667;1.8;1.7667;0;2.4;0.8667;0;0.9;0.9;3;34;1.26;3266;0.4;;;;PORYGON_Z;;264;150;198
508;Probopass;1.9;0.6667;1.8;1.7667;0;2.4;0.8667;0;1.6;1.8;5;52;1.26;3093;0.3;;;;GALLADE;;237;195;169
509;Dusknoir;1.9;0.6667;1.8;1.7667;0;2.4;0.8667;0;1.4;1.4;3;340;1.26;2080;0.8;;;;PROBOPASS;;135;275;155
510;Froslass;1.9;0.6667;1.8;1.7667;0;2.4;0.8667;0;2.2;2.2;3;106.6;1.26;2388;0.252;;;;DUSKNOIR;;180;254;128
511;Rotom;1.9;0.6667;1.8;1.7667;0;2.4;0.8667;0;1.3;1.37;3;26.6;1.26;2040;0.35;;;;FROSLASS;;171;150;172
512;Rotom Fan;1.9;0.6667;1.8;1.7667;0;2.4;0.8667;0;0.3;0.27;5;0.3;1.26;2031;0.252;;;;ROTOM;;185;159;137
513;Rotom Frost;1.9;0.6667;1.8;1.7667;0;2.4;0.8667;0;0.3;0.3;5;0.3;1.26;2579;0.252;;;;ROTOM_FAN;;204;219;137
514;Rotom Heat;1.9;0.6667;1.8;1.7667;0;2.4;0.8667;0;0.3;0.39;5;0.3;1.26;2579;0.252;;;;ROTOM_FROST;;204;219;137
515;Rotom Mow;1.9;0.6667;1.8;1.7667;0;2.4;0.8667;0;0.3;0.27;5;0.3;1.26;2579;0.252;;;;ROTOM_HEAT;;204;219;137
516;Rotom Wash;1.9;0.6667;1.8;1.7667;0;2.4;0.8667;0;0.3;0.3;5;0.3;1.26;2579;0.252;;;;ROTOM_MOW;;204;219;137
517;Uxie;1.9;0.6667;1.8;1.7667;0;2.4;0.8667;0;0.3;0.35;5;0.3;1.26;2579;0.252;;;;ROTOM_WASH;;204;219;137
518;Mesprit;1.9;0.6667;1.8;1.7667;0;2.4;0.8667;0;0.3;0.3;20;0.3;1.26;2524;0.1;;;;UXIE;;156;270;181
519;Azelf;1.9;0.6667;1.8;1.7667;0;2.4;0.8667;0;0.3;0.3;20;0.3;1.26;3058;0.14;;;;MESPRIT;;212;212;190
520;Dialga;1.9;0.6667;1.8;1.7667;0;2.4;0.8667;0;0.3;0.3;20;0.3;1.26;3210;0.1;;;;AZELF;;270;151;181
521;Palkia;1.9;0.6667;1.8;1.7667;0;2.4;0.8667;0;5.4;5.6;20;683;1.26;4038;2;;;;DIALGA;;275;211;205
522;Heatran;1.9;0.6667;1.8;1.7667;0;2.4;0.8667;0;4.2;3.68;20;336;1.26;3991;2;;;;PALKIA;;280;215;189
523;Regigigas;1.9;0.6667;1.8;1.7667;0;2.4;0.8667;0;1.7;2.36;20;430;1.26;3754;2;;;;HEATRAN;;251;213;209
524;Giratina;1.9;0.6667;1.8;1.7667;0;2.4;0.8667;0;3.7;3.24;20;420;1.26;4346;1.5;;;;REGIGIGAS;;287;210;221
525;Giratina Altered;1.9;0.6667;1.8;1.7667;0;2.4;0.8667;0;4.5;5.8;20;750;1.26;3379;2.5;;;;GIRATINA;;187;225;284
526;Giratina Origin;1.9;0.6667;1.8;1.7667;0;2.4;0.8667;0;4.5;5.38;20;750;1.26;3379;1.5;;;;GIRATINA_ALTERED;;187;225;284
527;Cresselia;1.9;0.6667;1.8;1.7667;0;2.4;0.8667;0;4.5;5.8;20;750;1.26;3683;0.252;;;;GIRATINA_ORIGIN;;225;187;284
528;Phione;1.9;0.6667;1.8;1.7667;0;2.4;0.8667;0;1.5;1.5;20;85.6;1.26;2857;0.6;;;;CRESSELIA;;152;258;260
529;Manaphy;1.9;0.6667;1.8;1.7667;0;2.4;0.8667;0;0.4;0.36;20;3.1;1.26;2105;0.18;;;;PHIONE;;162;162;190
530;Darkrai;1.9;0.6667;1.8;1.7667;0;2.4;0.8667;0;0.3;0.35;20;1.4;1.26;3265;0.252;;;;MANAPHY;;210;210;225
531;Shaymin;1.9;0.6667;1.8;1.7667;0;2.4;0.8667;0;1.5;1.66;20;50.5;1.26;3739;0.4;;;;DARKRAI;;285;198;172
532;Shaymin Land;1.9;0.6667;1.8;1.7667;0;2.4;0.8667;0;0.2;0.39;20;2.1;1.26;3265;0.12;;;;SHAYMIN;;210;210;225
533;Shaymin Sky;1.9;0.6667;1.8;1.7667;0;2.4;0.8667;0;0.2;0.3;20;2.1;1.26;3265;0.252;;;;SHAYMIN_LAND;;210;210;225
534;Arceus;1.9;0.6667;1.8;1.7667;0;2.4;0.8667;0;0.2;0.39;20;2.1;1.26;3592;0.252;;;;SHAYMIN_SKY;;261;166;225
535;Arceus Bug;1.9;0.6667;1.8;1.7667;0;2.4;0.8667;0;3.2;3.3;20;320;1.26;3989;0.252;;;;ARCEUS;;238;238;237
536;Arceus Dark;1.9;0.6667;1.8;1.7667;0;2.4;0.8667;0;3.2;3.3;20;320;1.26;3989;0.252;;;;ARCEUS_BUG;;238;238;237
537;Arceus Dragon;1.9;0.6667;1.8;1.7667;0;2.4;0.8667;0;3.2;3.3;20;320;1.26;3989;0.252;;;;ARCEUS_DARK;;238;238;237
538;Arceus Electric;1.9;0.6667;1.8;1.7667;0;2.4;0.8667;0;3.2;3.3;20;320;1.26;3989;0.252;;;;ARCEUS_DRAGON;;238;238;237
539;Arceus Fairy;1.9;0.6667;1.8;1.7667;0;2.4;0.8667;0;3.2;3.3;20;320;1.26;3989;0.252;;;;ARCEUS_ELECTRIC;;238;238;237
540;Arceus Fighting;1.9;0.6667;1.8;1.7667;0;2.4;0.8667;0;3.2;3.3;20;320;1.26;3989;0.252;;;;ARCEUS_FAIRY;;238;238;237
541;Arceus Fire;1.9;0.6667;1.8;1.7667;0;2.4;0.8667;0;3.2;3.3;20;320;1.26;3989;0.252;;;;ARCEUS_FIGHTING;;238;238;237
542;Arceus Flying;1.9;0.6667;1.8;1.7667;0;2.4;0.8667;0;3.2;3.3;20;320;1.26;3989;0.252;;;;ARCEUS_FIRE;;238;238;237
543;Arceus Ghost;1.9;0.6667;1.8;1.7667;0;2.4;0.8667;0;3.2;3.3;20;320;1.26;3989;0.252;;;;ARCEUS_FLYING;;238;238;237
544;Arceus Grass;1.9;0.6667;1.8;1.7667;0;2.4;0.8667;0;3.2;3.3;20;320;1.26;3989;0.252;;;;ARCEUS_GHOST;;238;238;237
545;Arceus Ground;1.9;0.6667;1.8;1.7667;0;2.4;0.8667;0;3.2;3.3;20;320;1.26;3989;0.252;;;;ARCEUS_GRASS;;238;238;237
546;Arceus Ice;1.9;0.6667;1.8;1.7667;0;2.4;0.8667;0;3.2;3.3;20;320;1.26;3989;0.252;;;;ARCEUS_GROUND;;238;238;237
547;Arceus Poison;1.9;0.6667;1.8;1.7667;0;2.4;0.8667;0;3.2;3.3;20;320;1.26;3989;0.252;;;;ARCEUS_ICE;;238;238;237
548;Arceus Psychic;1.9;0.6667;1.8;1.7667;0;2.4;0.8667;0;3.2;3.3;20;320;1.26;3989;0.252;;;;ARCEUS_POISON;;238;238;237
549;Arceus Rock;1.9;0.6667;1.8;1.7667;0;2.4;0.8667;0;3.2;3.3;20;320;1.26;3989;0.252;;;;ARCEUS_PSYCHIC;;238;238;237
550;Arceus Steel;1.9;0.6667;1.8;1.7667;0;2.4;0.8667;0;3.2;3.3;20;320;1.26;3989;0.252;;;;ARCEUS_ROCK;;238;238;237
551;Arceus Water;1.9;0.6667;1.8;1.7667;0;2.4;0.8667;0;3.2;3.3;20;320;1.26;3989;0.252;;;;ARCEUS_STEEL;;238;238;237
552;Meltan;1.9;0.6667;1.8;1.7667;0;2.4;0.8667;0;3.2;3.3;20;320;1.26;3989;0.252;;;;ARCEUS_WATER;;238;238;237
553;Melmetal;1.9;0.6667;1.8;1.7667;0;2.4;0.8667;0;0.2;0.95;20;8;1.02;1080;0.125;;;;MELTAN;;112;113;130
554;];1.9;0.6667;1.8;1.7667;0;2.4;0.8667;0;2.5;3.82;20;800;1.26;3875;2.4;;;;MELMETAL;;231;213;264
